// --- begin inlined pixel array (100x100) ---
#include <stdint.h>

static const uint32_t pixels[10000] = {
    0xF6F6F6, 0xF6F6F6, 0xF6F6F6, 0xF6F6F6, 0xF6F6F6, 0xF6F6F6, 0xF6F6F6, 0xF6F6F6, 0xF6F6F6, 0xF6F6F6, 0xF6F6F6, 0xF6F6F6,
    0xF6F6F6, 0xF6F6F6, 0xF6F6F6, 0xF6F6F6, 0xF6F6F6, 0xF6F6F6, 0xF6F6F6, 0xF6F6F6, 0xF6F6F6, 0xF6F6F6, 0xF6F6F6, 0xF6F6F6,
    0xF6F6F6, 0xF6F6F6, 0xF6F6F6, 0xF6F6F6, 0xF6F6F6, 0xF6F6F6, 0xF6F6F6, 0xF6F6F6, 0xF6F6F6, 0xF6F6F6, 0xF6F6F6, 0xF6F6F6,
    0xF6F6F6, 0xF6F6F6, 0xF6F6F6, 0xF6F6F6, 0xF6F6F6, 0xF6F6F6, 0xF6F6F6, 0xF6F6F6, 0xF6F6F6, 0xF6F6F6, 0xF6F6F6, 0xF6F6F6,
    0xF6F6F6, 0xF6F6F6, 0xF6F6F6, 0xF6F6F6, 0xF6F6F6, 0xF6F6F6, 0xF6F6F6, 0xF6F6F6, 0xF6F6F6, 0xF6F6F6, 0xF6F6F6, 0xF6F6F6,
    0xF6F6F6, 0xF6F6F6, 0xF6F6F6, 0xF6F6F6, 0xF6F6F6, 0xF6F6F6, 0xF6F6F6, 0xF6F6F6, 0xF6F6F6, 0xF6F6F6, 0xF6F6F6, 0xF6F6F6,
    0xF6F6F6, 0xF6F6F6, 0xF6F6F6, 0xF6F6F6, 0xF6F6F6, 0xF6F6F6, 0xF6F6F6, 0xF6F6F6, 0xF6F6F6, 0xF6F6F6, 0xF6F6F6, 0xF6F6F6,
    0xF6F6F6, 0xF6F6F6, 0xF6F6F6, 0xF6F6F6, 0xF6F6F6, 0xF6F6F6, 0xF6F6F6, 0xF6F6F6, 0xF6F6F6, 0xF6F6F6, 0xF6F6F6, 0xF6F6F6,
    0xF6F6F6, 0xF6F6F6, 0xF6F6F6, 0xF6F6F6, 0xF6F6F6, 0xF6F6F6, 0xF6F6F6, 0xF6F6F6, 0xF6F6F6, 0xF6F6F6, 0xF6F6F6, 0xF6F6F6,
    0xF6F6F6, 0xF6F6F6, 0xF6F6F6, 0xF6F6F6, 0xF6F6F6, 0xF6F6F6, 0xF6F6F6, 0xF6F6F6, 0xF6F6F6, 0xF6F6F6, 0xF6F6F6, 0xF6F6F6,
    0xF6F6F6, 0xF6F6F6, 0xF6F6F6, 0xF6F6F6, 0xF6F6F6, 0xF6F6F6, 0xF6F6F6, 0xF6F6F6, 0xF6F6F6, 0xF6F6F6, 0xF6F6F6, 0xF6F6F6,
    0xF6F6F6, 0xF6F6F6, 0xF6F6F6, 0xF6F6F6, 0xF6F6F6, 0xF6F6F6, 0xF6F6F6, 0xF6F6F6, 0xF6F6F6, 0xF6F6F6, 0xF6F6F6, 0xF6F6F6,
    0xF6F6F6, 0xF6F6F6, 0xF6F6F6, 0xF6F6F6, 0xF6F6F6, 0xF6F6F6, 0xF6F6F6, 0xF6F6F6, 0xF6F6F6, 0xF6F6F6, 0xF6F6F6, 0xF6F6F6,
    0xF6F6F6, 0xF6F6F6, 0xF6F6F6, 0xF6F6F6, 0xF6F6F6, 0xF6F6F6, 0xF6F6F6, 0xF6F6F6, 0xF6F6F6, 0xF6F6F6, 0xF6F6F6, 0xF6F6F6,
    0xF6F6F6, 0xF6F6F6, 0xF6F6F6, 0xF6F6F6, 0xF6F6F6, 0xF6F6F6, 0xF6F6F6, 0xF6F6F6, 0xF6F6F6, 0xF6F6F6, 0xF6F6F6, 0xF6F6F6,
    0xF6F6F6, 0xF6F6F6, 0xF6F6F6, 0xF6F6F6, 0xF6F6F6, 0xF6F6F6, 0xF6F6F6, 0xF6F6F6, 0xF6F6F6, 0xF6F6F6, 0xF6F6F6, 0xF6F6F6,
    0xF6F6F6, 0xF6F6F6, 0xF6F6F6, 0xF6F6F6, 0xF6F6F6, 0xF6F6F6, 0xF6F6F6, 0xF6F6F6, 0xF6F6F6, 0xF6F6F6, 0xF6F6F6, 0xF6F6F6,
    0xF6F6F6, 0xF6F6F6, 0xF6F6F6, 0xF6F6F6, 0xF6F6F6, 0xF6F6F6, 0xF6F6F6, 0xF6F6F6, 0xF6F6F6, 0xF6F6F6, 0xF6F6F6, 0xF6F6F6,
    0xF6F6F6, 0xF6F6F6, 0xF6F6F6, 0xF6F6F6, 0xF6F6F6, 0xF6F6F6, 0xF6F6F6, 0xF6F6F6, 0xF6F6F6, 0xF6F6F6, 0xF6F6F6, 0xF6F6F6,
    0xF6F6F6, 0xF6F6F6, 0xF6F6F6, 0xF6F6F6, 0xF6F6F6, 0xF6F6F6, 0xF6F6F6, 0xF6F6F6, 0xF6F6F6, 0xF6F6F6, 0xF6F6F6, 0xF6F6F6,
    0xF6F6F6, 0xF6F6F6, 0xF6F6F6, 0xF6F6F6, 0xF6F6F6, 0xF6F6F6, 0xF6F6F6, 0xF6F6F6, 0xF6F6F6, 0xF6F6F6, 0xF6F6F6, 0xF6F6F6,
    0xF6F6F6, 0xF6F6F6, 0xF6F6F6, 0xF6F6F6, 0xF6F6F6, 0xF6F6F6, 0xF6F6F6, 0xF6F6F6, 0xF6F6F6, 0xF6F6F6, 0xF6F6F6, 0xF6F6F6,
    0xF6F6F6, 0xF6F6F6, 0xF6F6F6, 0xF6F6F6, 0xF6F6F6, 0xF6F6F6, 0xF6F6F6, 0xF6F6F6, 0xF6F6F6, 0xF6F6F6, 0xF6F6F6, 0xF6F6F6,
    0xF6F6F6, 0xF6F6F6, 0xF6F6F6, 0xF6F6F6, 0xF6F6F6, 0xF6F6F6, 0xF6F6F6, 0xF6F6F6, 0xF6F6F6, 0xF6F6F6, 0xF6F6F6, 0xF6F6F6,
    0xF6F6F6, 0xF6F6F6, 0xF6F6F6, 0xF6F6F6, 0xF6F6F6, 0xF6F6F6, 0xF6F6F6, 0xF6F6F6, 0xF6F6F6, 0xF6F6F6, 0xF6F6F6, 0xF6F6F6,
    0xF6F6F6, 0xF6F6F6, 0xF6F6F6, 0xF6F6F6, 0xF6F6F6, 0xF6F6F6, 0xF6F6F6, 0xF6F6F6, 0xF6F6F6, 0xF6F6F6, 0xF6F6F6, 0xF6F6F6,
    0xF6F6F6, 0xF6F6F6, 0xF6F6F6, 0xF6F6F6, 0xF6F6F6, 0xF6F6F6, 0xF6F6F6, 0xF6F6F6, 0xF6F6F6, 0xF6F6F6, 0xF6F6F6, 0xF6F6F6,
    0xF6F6F6, 0xF6F6F6, 0xF6F6F6, 0xF6F6F6, 0xF6F6F6, 0xF6F6F6, 0xF6F6F6, 0xF6F6F6, 0xF6F6F6, 0xF6F6F6, 0xF6F6F6, 0xF6F6F6,
    0xF6F6F6, 0xF6F6F6, 0xF6F6F6, 0xF6F6F6, 0xF6F6F6, 0xF6F6F6, 0xF6F6F6, 0xF6F6F6, 0xF6F6F6, 0xF6F6F6, 0xF6F6F6, 0xF6F6F6,
    0xF6F6F6, 0xF6F6F6, 0xF6F6F6, 0xF6F6F6, 0xF6F6F6, 0xF6F6F6, 0xF6F6F6, 0xF6F6F6, 0xF6F6F6, 0xF6F6F6, 0xF6F6F6, 0xF6F6F6,
    0xF6F6F6, 0xF6F6F6, 0xF6F6F6, 0xF6F6F6, 0xF6F6F6, 0xF6F6F6, 0xF6F6F6, 0xF6F6F6, 0xF6F6F6, 0xF6F6F6, 0xF6F6F6, 0xF6F6F6,
    0xF6F6F6, 0xF6F6F6, 0xF6F6F6, 0xF6F6F6, 0xF6F6F6, 0xF6F6F6, 0xF6F6F6, 0xF6F6F6, 0xF6F6F6, 0xF6F6F6, 0xF6F6F6, 0xF6F6F6,
    0xF6F6F6, 0xF6F6F6, 0xF6F6F6, 0xF6F6F6, 0xF6F6F6, 0xF6F6F6, 0xF6F6F6, 0xF6F6F6, 0xF6F6F6, 0xF6F6F6, 0xF6F6F6, 0xF6F6F6,
    0xF6F6F6, 0xF6F6F6, 0xF6F6F6, 0xF6F6F6, 0xF6F6F6, 0xF6F6F6, 0xF6F6F6, 0xF6F6F6, 0xF6F6F6, 0xF6F6F6, 0xF6F6F6, 0xF6F6F6,
    0xF6F6F6, 0xF6F6F6, 0xF6F6F6, 0xF6F6F6, 0xF6F6F6, 0xF6F6F6, 0xF6F6F6, 0xF6F6F6, 0xF6F6F6, 0xF6F6F6, 0xF6F6F6, 0xF6F6F6,
    0xF6F6F6, 0xF6F6F6, 0xF6F6F6, 0xF6F6F6, 0xF6F6F6, 0xF6F6F6, 0xF6F6F6, 0xF6F6F6, 0xF6F6F6, 0xF6F6F6, 0xF6F6F6, 0xF6F6F6,
    0xF6F6F6, 0xF6F6F6, 0xF6F6F6, 0xF6F6F6, 0xF6F6F6, 0xEDEDED, 0xE1E1E1, 0xE1E1E1, 0xE1E1E1, 0xE1E1E1, 0xE1E1E1, 0xE1E1E1,
    0xE1E1E1, 0xE1E1E1, 0xE1E1E1, 0xE1E1E1, 0xE1E1E1, 0xE1E1E1, 0xE1E1E1, 0xE1E1E1, 0xE1E1E1, 0xE1E1E1, 0xE1E1E1, 0xE1E1E1,
    0xE1E1E1, 0xE1E1E1, 0xE1E1E1, 0xE1E1E1, 0xE1E1E1, 0xE1E1E1, 0xEDEDED, 0xF6F6F6, 0xF6F6F6, 0xF6F6F6, 0xF6F6F6, 0xF6F6F6,
    0xF6F6F6, 0xF6F6F6, 0xF6F6F6, 0xF6F6F6, 0xF6F6F6, 0xF6F6F6, 0xF6F6F6, 0xF6F6F6, 0xF6F6F6, 0xF6F6F6, 0xF6F6F6, 0xF6F6F6,
    0xF6F6F6, 0xF6F6F6, 0xF6F6F6, 0xF6F6F6, 0xF6F6F6, 0xF6F6F6, 0xF6F6F6, 0xF6F6F6, 0xF6F6F6, 0xF6F6F6, 0xF6F6F6, 0xF6F6F6,
    0xF6F6F6, 0xF6F6F6, 0xF6F6F6, 0xF6F6F6, 0xF6F6F6, 0xF6F6F6, 0xF6F6F6, 0xF6F6F6, 0xF6F6F6, 0xF6F6F6, 0xF6F6F6, 0xF6F6F6,
    0xF6F6F6, 0xF6F6F6, 0xF6F6F6, 0xF6F6F6, 0xF6F6F6, 0xF6F6F6, 0xF6F6F6, 0xF6F6F6, 0xF6F6F6, 0xF6F6F6, 0xF6F6F6, 0xF6F6F6,
    0xF6F6F6, 0xF6F6F6, 0xF6F6F6, 0xF6F6F6, 0xF6F6F6, 0xF6F6F6, 0xF6F6F6, 0xF6F6F6, 0xF6F6F6, 0xF6F6F6, 0xF6F6F6, 0xF6F6F6,
    0xF6F6F6, 0xF6F6F6, 0xF6F6F6, 0xF6F6F6, 0xF6F6F6, 0xF6F6F6, 0xF6F6F6, 0xF6F6F6, 0xF7F7F7, 0x9C9C9C, 0x131313, 0x141414,
    0x141414, 0x141414, 0x141414, 0x141414, 0x141414, 0x141414, 0x141414, 0x141414, 0x141414, 0x141414, 0x141414, 0x141414,
    0x141414, 0x141414, 0x141414, 0x141414, 0x141414, 0x141414, 0x141414, 0x141414, 0x141414, 0x131313, 0x9C9C9C, 0xF7F7F7,
    0xF6F6F6, 0xF6F6F6, 0xF6F6F6, 0xF6F6F6, 0xF6F6F6, 0xF6F6F6, 0xF6F6F6, 0xF6F6F6, 0xF6F6F6, 0xF6F6F6, 0xF6F6F6, 0xF6F6F6,
    0xF6F6F6, 0xF6F6F6, 0xF6F6F6, 0xF6F6F6, 0xF6F6F6, 0xF6F6F6, 0xF6F6F6, 0xF6F6F6, 0xF6F6F6, 0xF6F6F6, 0xF6F6F6, 0xF6F6F6,
    0xF6F6F6, 0xF6F6F6, 0xF6F6F6, 0xF6F6F6, 0xF6F6F6, 0xF6F6F6, 0xF6F6F6, 0xF6F6F6, 0xF6F6F6, 0xF6F6F6, 0xF6F6F6, 0xF6F6F6,
    0xF6F6F6, 0xF6F6F6, 0xF6F6F6, 0xF6F6F6, 0xF6F6F6, 0xF6F6F6, 0xF6F6F6, 0xF6F6F6, 0xF6F6F6, 0xF6F6F6, 0xF6F6F6, 0xF6F6F6,
    0xF6F6F6, 0xF6F6F6, 0xF6F6F6, 0xF6F6F6, 0xF6F6F6, 0xF6F6F6, 0xF6F6F6, 0xF6F6F6, 0xF6F6F6, 0xF6F6F6, 0xF6F6F6, 0xF6F6F6,
    0xF6F6F6, 0xF6F6F6, 0xF6F6F6, 0xF6F6F6, 0xF6F6F6, 0xF6F6F6, 0xF6F6F6, 0xF6F6F6, 0xF6F6F6, 0xF6F6F6, 0xF6F6F6, 0xF6F6F6,
    0xF7F7F7, 0x969696, 0x000000, 0x000000, 0x000000, 0x000000, 0x000000, 0x000000, 0x000000, 0x000000, 0x000000, 0x000000,
    0x000000, 0x000000, 0x000000, 0x000000, 0x000000, 0x000000, 0x000000, 0x000000, 0x000000, 0x000000, 0x000000, 0x000000,
    0x000000, 0x000000, 0x969696, 0xF7F7F7, 0xF6F6F6, 0xF6F6F6, 0xF6F6F6, 0xF6F6F6, 0xF6F6F6, 0xF6F6F6, 0xF6F6F6, 0xF6F6F6,
    0xF6F6F6, 0xF6F6F6, 0xF6F6F6, 0xF6F6F6, 0xF6F6F6, 0xF6F6F6, 0xF6F6F6, 0xF6F6F6, 0xF6F6F6, 0xF6F6F6, 0xF6F6F6, 0xF6F6F6,
    0xF6F6F6, 0xF6F6F6, 0xF6F6F6, 0xF6F6F6, 0xF6F6F6, 0xF6F6F6, 0xF6F6F6, 0xF6F6F6, 0xF6F6F6, 0xF6F6F6, 0xF6F6F6, 0xF6F6F6,
    0xF6F6F6, 0xF6F6F6, 0xF6F6F6, 0xF6F6F6, 0xF6F6F6, 0xF6F6F6, 0xF6F6F6, 0xF6F6F6, 0xF6F6F6, 0xF6F6F6, 0xF6F6F6, 0xF6F6F6,
    0xF6F6F6, 0xF6F6F6, 0xF6F6F6, 0xF6F6F6, 0xF6F6F6, 0xF6F6F6, 0xF6F6F6, 0xF6F6F6, 0xF6F6F6, 0xF6F6F6, 0xF6F6F6, 0xF6F6F6,
    0xF6F6F6, 0xF6F6F6, 0xF6F6F6, 0xF6F6F6, 0xF6F6F6, 0xF6F6F6, 0xF6F6F6, 0xF6F6F6, 0xF6F6F6, 0xF6F6F6, 0xF6F6F6, 0xF6F6F6,
    0xF6F6F6, 0xF6F6F6, 0xF6F6F6, 0xF6F6F6, 0xF7F7F7, 0x969696, 0x000000, 0x000000, 0x000000, 0x000000, 0x000000, 0x000000,
    0x000000, 0x000000, 0x000000, 0x000000, 0x000000, 0x000000, 0x000000, 0x000000, 0x000000, 0x000000, 0x000000, 0x000000,
    0x000000, 0x000000, 0x000000, 0x000000, 0x000000, 0x000000, 0x969696, 0xF7F7F7, 0xF6F6F6, 0xF6F6F6, 0xF6F6F6, 0xF6F6F6,
    0xF6F6F6, 0xF6F6F6, 0xF6F6F6, 0xF6F6F6, 0xF6F6F6, 0xF6F6F6, 0xF6F6F6, 0xF6F6F6, 0xF6F6F6, 0xF6F6F6, 0xF6F6F6, 0xF6F6F6,
    0xF6F6F6, 0xF6F6F6, 0xF6F6F6, 0xF6F6F6, 0xF6F6F6, 0xF6F6F6, 0xF6F6F6, 0xF6F6F6, 0xF6F6F6, 0xF6F6F6, 0xF6F6F6, 0xF6F6F6,
    0xF6F6F6, 0xF6F6F6, 0xF6F6F6, 0xF6F6F6, 0xF6F6F6, 0xF6F6F6, 0xF6F6F6, 0xF6F6F6, 0xF6F6F6, 0xF6F6F6, 0xF6F6F6, 0xF6F6F6,
    0xF6F6F6, 0xF6F6F6, 0xF6F6F6, 0xF6F6F6, 0xF6F6F6, 0xF6F6F6, 0xF6F6F6, 0xF6F6F6, 0xF6F6F6, 0xF6F6F6, 0xF6F6F6, 0xF6F6F6,
    0xF6F6F6, 0xF6F6F6, 0xF6F6F6, 0xF6F6F6, 0xF6F6F6, 0xF6F6F6, 0xF6F6F6, 0xF6F6F6, 0xF6F6F6, 0xF6F6F6, 0xF6F6F6, 0xF6F6F6,
    0xF6F6F6, 0xECECEC, 0xEAEAEA, 0xEAEAEA, 0xEAEAEA, 0xEAEAEA, 0xEAEAEA, 0xEAEAEA, 0xEBEBEB, 0x979790, 0x191907, 0x191907,
    0x191907, 0x191907, 0x191907, 0x191907, 0x191907, 0x191907, 0x191907, 0x191907, 0x191907, 0x191907, 0x191907, 0x191907,
    0x191907, 0x191907, 0x191907, 0x191907, 0x191907, 0x191907, 0x191907, 0x191907, 0x191907, 0x191907, 0x979790, 0xEBEBEB,
    0xEAEAEA, 0xEAEAEA, 0xEAEAEA, 0xEAEAEA, 0xEAEAEA, 0xEAEAEA, 0xECECEC, 0xF6F6F6, 0xF6F6F6, 0xF6F6F6, 0xF6F6F6, 0xF6F6F6,
    0xF6F6F6, 0xF6F6F6, 0xF6F6F6, 0xF6F6F6, 0xF6F6F6, 0xF6F6F6, 0xF6F6F6, 0xF6F6F6, 0xF6F6F6, 0xF6F6F6, 0xF6F6F6, 0xF6F6F6,
    0xF6F6F6, 0xF6F6F6, 0xF6F6F6, 0xF6F6F6, 0xF6F6F6, 0xF6F6F6, 0xF6F6F6, 0xF6F6F6, 0xF6F6F6, 0xF6F6F6, 0xF6F6F6, 0xF6F6F6,
    0xF6F6F6, 0xF6F6F6, 0xF6F6F6, 0xF6F6F6, 0xF6F6F6, 0xF6F6F6, 0xF6F6F6, 0xF6F6F6, 0xF6F6F6, 0xF6F6F6, 0xF6F6F6, 0xF6F6F6,
    0xF6F6F6, 0xF6F6F6, 0xF6F6F6, 0xF6F6F6, 0xF6F6F6, 0xF6F6F6, 0xF6F6F6, 0xF6F6F6, 0xF6F6F6, 0xF6F6F6, 0xF6F6F6, 0xF6F6F6,
    0xF6F6F6, 0xF6F6F6, 0xF6F6F6, 0xF6F6F6, 0xF8F8F8, 0x686868, 0x2A2A2A, 0x2A2A2A, 0x2A2A2A, 0x2A2A2A, 0x2A2A2A, 0x2A2A2A,
    0x2A2A2A, 0x828228, 0xE5E51B, 0xE5E51B, 0xE5E51B, 0xE5E51B, 0xE5E51B, 0xE5E51B, 0xE5E51B, 0xE5E51B, 0xE5E51B, 0xE5E51B,
    0xE5E51B, 0xE5E51B, 0xE5E51B, 0xE5E51B, 0xE5E51B, 0xE5E51B, 0xE5E51B, 0xE5E51B, 0xE5E51B, 0xE5E51B, 0xE5E51B, 0xE5E51B,
    0xE5E51B, 0xE5E51B, 0x828228, 0x2A2A2A, 0x2A2A2A, 0x2A2A2A, 0x2A2A2A, 0x2A2A2A, 0x2A2A2A, 0x2A2A2A, 0x686868, 0xF8F8F8,
    0xF6F6F6, 0xF6F6F6, 0xF6F6F6, 0xF6F6F6, 0xF6F6F6, 0xF6F6F6, 0xF6F6F6, 0xF6F6F6, 0xF6F6F6, 0xF6F6F6, 0xF6F6F6, 0xF6F6F6,
    0xF6F6F6, 0xF6F6F6, 0xF6F6F6, 0xF6F6F6, 0xF6F6F6, 0xF6F6F6, 0xF6F6F6, 0xF6F6F6, 0xF6F6F6, 0xF6F6F6, 0xF6F6F6, 0xF6F6F6,
    0xF6F6F6, 0xF6F6F6, 0xF6F6F6, 0xF6F6F6, 0xF6F6F6, 0xF6F6F6, 0xF6F6F6, 0xF6F6F6, 0xF6F6F6, 0xF6F6F6, 0xF6F6F6, 0xF6F6F6,
    0xF6F6F6, 0xF6F6F6, 0xF6F6F6, 0xF6F6F6, 0xF6F6F6, 0xF6F6F6, 0xF6F6F6, 0xF6F6F6, 0xF6F6F6, 0xF6F6F6, 0xF6F6F6, 0xF6F6F6,
    0xF6F6F6, 0xF6F6F6, 0xF6F6F6, 0xF6F6F6, 0xF6F6F6, 0xF6F6F6, 0xF6F6F6, 0xF6F6F6, 0xF8F8F8, 0x525252, 0x000000, 0x000000,
    0x000000, 0x000000, 0x000000, 0x000000, 0x000000, 0x7A7A12, 0xFEFE12, 0xFEFE12, 0xFEFE12, 0xFEFE12, 0xFEFE12, 0xFEFE12,
    0xFEFE12, 0xFEFE12, 0xFEFE12, 0xFEFE12, 0xFEFE12, 0xFEFE12, 0xFEFE12, 0xFEFE12, 0xFEFE12, 0xFEFE12, 0xFEFE12, 0xFEFE12,
    0xFEFE12, 0xFEFE12, 0xFEFE12, 0xFEFE12, 0xFEFE12, 0xFEFE12, 0x7A7A12, 0x000000, 0x000000, 0x000000, 0x000000, 0x000000,
    0x000000, 0x000000, 0x525252, 0xF8F8F8, 0xF6F6F6, 0xF6F6F6, 0xF6F6F6, 0xF6F6F6, 0xF6F6F6, 0xF6F6F6, 0xF6F6F6, 0xF6F6F6,
    0xF6F6F6, 0xF6F6F6, 0xF6F6F6, 0xF6F6F6, 0xF6F6F6, 0xF6F6F6, 0xF6F6F6, 0xF6F6F6, 0xF6F6F6, 0xF6F6F6, 0xF6F6F6, 0xF6F6F6,
    0xF6F6F6, 0xF6F6F6, 0xF6F6F6, 0xF6F6F6, 0xF6F6F6, 0xF6F6F6, 0xF6F6F6, 0xF6F6F6, 0xF6F6F6, 0xF6F6F6, 0xF6F6F6, 0xF6F6F6,
    0xF6F6F6, 0xF6F6F6, 0xF6F6F6, 0xF6F6F6, 0xF6F6F6, 0xF6F6F6, 0xF6F6F6, 0xF6F6F6, 0xF6F6F6, 0xF6F6F6, 0xF6F6F6, 0xF6F6F6,
    0xF6F6F6, 0xF6F6F6, 0xF6F6F6, 0xF6F6F6, 0xF6F6F6, 0xF6F6F6, 0xF6F6F6, 0xF6F6F6, 0xF6F6F6, 0xF6F6F6, 0xF6F6F6, 0xF6F6F6,
    0xF8F8F8, 0x525252, 0x000000, 0x000000, 0x000000, 0x000000, 0x000000, 0x000000, 0x000000, 0x7A7A12, 0xFEFE12, 0xFEFE12,
    0xFEFE12, 0xFEFE12, 0xFEFE12, 0xFEFE12, 0xFEFE12, 0xFEFE12, 0xFEFE12, 0xFEFE12, 0xFEFE12, 0xFEFE12, 0xFEFE12, 0xFEFE12,
    0xFEFE12, 0xFEFE12, 0xFEFE12, 0xFEFE12, 0xFEFE12, 0xFEFE12, 0xFEFE12, 0xFEFE12, 0xFEFE12, 0xFEFE12, 0x7A7A12, 0x000000,
    0x000000, 0x000000, 0x000000, 0x000000, 0x000000, 0x000000, 0x525252, 0xF8F8F8, 0xF6F6F6, 0xF6F6F6, 0xF6F6F6, 0xF6F6F6,
    0xF6F6F6, 0xF6F6F6, 0xF6F6F6, 0xF6F6F6, 0xF6F6F6, 0xF6F6F6, 0xF6F6F6, 0xF6F6F6, 0xF6F6F6, 0xF6F6F6, 0xF6F6F6, 0xF6F6F6,
    0xF6F6F6, 0xF6F6F6, 0xF6F6F6, 0xF6F6F6, 0xF6F6F6, 0xF6F6F6, 0xF6F6F6, 0xF6F6F6, 0xF6F6F6, 0xF6F6F6, 0xF6F6F6, 0xF6F6F6,
    0xF6F6F6, 0xF6F6F6, 0xF6F6F6, 0xF6F6F6, 0xF6F6F6, 0xF6F6F6, 0xF6F6F6, 0xF6F6F6, 0xF6F6F6, 0xF6F6F6, 0xF6F6F6, 0xF6F6F6,
    0xF6F6F6, 0xF6F6F6, 0xF6F6F6, 0xF6F6F6, 0xF6F6F6, 0xF6F6F6, 0xF6F6F6, 0xF6F6F6, 0xF6F6F6, 0xF6F6F6, 0xF6F6F6, 0xF6F6F6,
    0xF6F6F6, 0xF1F1F1, 0xF0F0F0, 0xF0F0F0, 0xF2F2F2, 0x575750, 0x101007, 0x101007, 0x101007, 0x101007, 0x101007, 0x101007,
    0x101007, 0x828215, 0xFEFE12, 0xFEFE12, 0xFEFE12, 0xFEFE12, 0xFEFE12, 0xFEFE12, 0xFEFE12, 0xFEFE12, 0xFEFE12, 0xFEFE12,
    0xFEFE12, 0xFEFE12, 0xFEFE12, 0xFEFE12, 0xFEFE12, 0xFEFE12, 0xFEFE12, 0xFEFE12, 0xFEFE12, 0xFEFE12, 0xFEFE12, 0xFEFE12,
    0xFEFE12, 0xFEFE12, 0x828215, 0x101007, 0x101007, 0x101007, 0x101007, 0x101007, 0x101007, 0x101007, 0x575750, 0xF2F2F2,
    0xF0F0F0, 0xF0F0F0, 0xF1F1F1, 0xF6F6F6, 0xF6F6F6, 0xF6F6F6, 0xF6F6F6, 0xF6F6F6, 0xF6F6F6, 0xF6F6F6, 0xF6F6F6, 0xF6F6F6,
    0xF6F6F6, 0xF6F6F6, 0xF6F6F6, 0xF6F6F6, 0xF6F6F6, 0xF6F6F6, 0xF6F6F6, 0xF6F6F6, 0xF6F6F6, 0xF6F6F6, 0xF6F6F6, 0xF6F6F6,
    0xF6F6F6, 0xF6F6F6, 0xF6F6F6, 0xF6F6F6, 0xF6F6F6, 0xF6F6F6, 0xF6F6F6, 0xF6F6F6, 0xF6F6F6, 0xF6F6F6, 0xF6F6F6, 0xF6F6F6,
    0xF6F6F6, 0xF6F6F6, 0xF6F6F6, 0xF6F6F6, 0xF6F6F6, 0xF6F6F6, 0xF6F6F6, 0xF6F6F6, 0xF6F6F6, 0xF6F6F6, 0xF6F6F6, 0xF6F6F6,
    0xF6F6F6, 0xF6F6F6, 0xF6F6F6, 0xF6F6F6, 0xF8F8F8, 0x4E4E4E, 0x383838, 0x383838, 0x383838, 0xB4B42D, 0xD3D318, 0xD3D318,
    0xD3D318, 0xD3D318, 0xD3D318, 0xD3D318, 0xD3D318, 0xE6E616, 0xFEFE12, 0xFEFE12, 0xFEFE12, 0xFEFE12, 0xFEFE12, 0xFEFE12,
    0xFEFE12, 0xFEFE12, 0xFEFE12, 0xFEFE12, 0xFEFE12, 0xFEFE12, 0xFEFE12, 0xFEFE12, 0xFEFE12, 0xFEFE12, 0xFEFE12, 0xFEFE12,
    0xFEFE12, 0xFEFE12, 0xFEFE12, 0xFEFE12, 0xFEFE12, 0xFEFE12, 0xE6E616, 0xD3D318, 0xD3D318, 0xD3D318, 0xD3D318, 0xD3D318,
    0xD3D318, 0xD3D318, 0xB4B42D, 0x383838, 0x383838, 0x383838, 0x4E4E4E, 0xF8F8F8, 0xF6F6F6, 0xF6F6F6, 0xF6F6F6, 0xF6F6F6,
    0xF6F6F6, 0xF6F6F6, 0xF6F6F6, 0xF6F6F6, 0xF6F6F6, 0xF6F6F6, 0xF6F6F6, 0xF6F6F6, 0xF6F6F6, 0xF6F6F6, 0xF6F6F6, 0xF6F6F6,
    0xF6F6F6, 0xF6F6F6, 0xF6F6F6, 0xF6F6F6, 0xF6F6F6, 0xF6F6F6, 0xF6F6F6, 0xF6F6F6, 0xF6F6F6, 0xF6F6F6, 0xF6F6F6, 0xF6F6F6,
    0xF6F6F6, 0xF6F6F6, 0xF6F6F6, 0xF6F6F6, 0xF6F6F6, 0xF6F6F6, 0xF6F6F6, 0xF6F6F6, 0xF6F6F6, 0xF6F6F6, 0xF6F6F6, 0xF6F6F6,
    0xF6F6F6, 0xF6F6F6, 0xF6F6F6, 0xF6F6F6, 0xF6F6F6, 0xF6F6F6, 0xF6F6F6, 0xF6F6F6, 0xF9F9F9, 0x1C1C1C, 0x000000, 0x000000,
    0x000000, 0xC9C91E, 0xFEFE12, 0xFEFE12, 0xFEFE12, 0xFEFE12, 0xFEFE12, 0xFEFE12, 0xFEFE12, 0xFEFE12, 0xFEFE12, 0xFEFE12,
    0xFEFE12, 0xFEFE12, 0xFEFE12, 0xFEFE12, 0xFEFE12, 0xFEFE12, 0xFEFE12, 0xFEFE12, 0xFEFE12, 0xFEFE12, 0xFEFE12, 0xFEFE12,
    0xFEFE12, 0xFEFE12, 0xFEFE12, 0xFEFE12, 0xFEFE12, 0xFEFE12, 0xFEFE12, 0xFEFE12, 0xFEFE12, 0xFEFE12, 0xFEFE12, 0xFEFE12,
    0xFEFE12, 0xFEFE12, 0xFEFE12, 0xFEFE12, 0xFEFE12, 0xFEFE12, 0xC9C91E, 0x000000, 0x000000, 0x000000, 0x1C1C1C, 0xF9F9F9,
    0xF6F6F6, 0xF6F6F6, 0xF6F6F6, 0xF6F6F6, 0xF6F6F6, 0xF6F6F6, 0xF6F6F6, 0xF6F6F6, 0xF6F6F6, 0xF6F6F6, 0xF6F6F6, 0xF6F6F6,
    0xF6F6F6, 0xF6F6F6, 0xF6F6F6, 0xF6F6F6, 0xF6F6F6, 0xF6F6F6, 0xF6F6F6, 0xF6F6F6, 0xF6F6F6, 0xF6F6F6, 0xF6F6F6, 0xF6F6F6,
    0xF6F6F6, 0xF6F6F6, 0xF6F6F6, 0xF6F6F6, 0xF6F6F6, 0xF6F6F6, 0xF6F6F6, 0xF6F6F6, 0xF6F6F6, 0xF6F6F6, 0xF6F6F6, 0xF6F6F6,
    0xF6F6F6, 0xF6F6F6, 0xF6F6F6, 0xF6F6F6, 0xF6F6F6, 0xF6F6F6, 0xF6F6F6, 0xF6F6F6, 0xF6F6F6, 0xF6F6F6, 0xF6F6F6, 0xF6F6F6,
    0xF9F9F9, 0x1C1C1C, 0x000000, 0x000000, 0x000000, 0xC9C91E, 0xFEFE12, 0xFEFE12, 0xFEFE12, 0xFEFE12, 0xFEFE12, 0xFEFE12,
    0xFEFE12, 0xFEFE12, 0xFEFE12, 0xFEFE12, 0xFEFE12, 0xFEFE12, 0xFEFE12, 0xFEFE12, 0xFEFE12, 0xFEFE12, 0xFEFE12, 0xFEFE12,
    0xFEFE12, 0xFEFE12, 0xFEFE12, 0xFEFE12, 0xFEFE12, 0xFEFE12, 0xFEFE12, 0xFEFE12, 0xFEFE12, 0xFEFE12, 0xFEFE12, 0xFEFE12,
    0xFEFE12, 0xFEFE12, 0xFEFE12, 0xFEFE12, 0xFEFE12, 0xFEFE12, 0xFEFE12, 0xFEFE12, 0xFEFE12, 0xFEFE12, 0xC9C91E, 0x000000,
    0x000000, 0x000000, 0x1C1C1C, 0xF9F9F9, 0xF6F6F6, 0xF6F6F6, 0xF6F6F6, 0xF6F6F6, 0xF6F6F6, 0xF6F6F6, 0xF6F6F6, 0xF6F6F6,
    0xF6F6F6, 0xF6F6F6, 0xF6F6F6, 0xF6F6F6, 0xF6F6F6, 0xF6F6F6, 0xF6F6F6, 0xF6F6F6, 0xF6F6F6, 0xF6F6F6, 0xF6F6F6, 0xF6F6F6,
    0xF6F6F6, 0xF6F6F6, 0xF6F6F6, 0xF6F6F6, 0xF6F6F6, 0xF6F6F6, 0xF6F6F6, 0xF6F6F6, 0xF6F6F6, 0xF6F6F6, 0xF6F6F6, 0xF6F6F6,
    0xF6F6F6, 0xF6F6F6, 0xF6F6F6, 0xF6F6F6, 0xF6F6F6, 0xF6F6F6, 0xF6F6F6, 0xF6F6F6, 0xF6F6F6, 0xF6F6F6, 0xF6F6F6, 0xF6F6F6,
    0xF6F6F6, 0xF7F7F7, 0xF7F7F7, 0xF7F7F7, 0xF9F9F9, 0x1C1C1C, 0x000000, 0x000000, 0x000000, 0xC9C91E, 0xFEFE12, 0xFEFE12,
    0xFEFE12, 0xFEFE12, 0xFEFE12, 0xFEFE12, 0xFEFE12, 0xFEFE12, 0xFEFE12, 0xFEFE12, 0xFEFE12, 0xFEFE12, 0xFEFE12, 0xFEFE12,
    0xFEFE12, 0xFEFE12, 0xFEFE12, 0xFEFE12, 0xFEFE12, 0xFEFE12, 0xFEFE12, 0xFEFE12, 0xFEFE12, 0xFEFE12, 0xFEFE12, 0xFEFE12,
    0xFEFE12, 0xFEFE12, 0xFEFE12, 0xFEFE12, 0xFEFE12, 0xFEFE12, 0xFEFE12, 0xFEFE12, 0xFEFE12, 0xFEFE12, 0xFEFE12, 0xFEFE12,
    0xFEFE12, 0xFEFE12, 0xC9C91E, 0x000000, 0x000000, 0x000000, 0x1C1C1C, 0xF9F9F9, 0xF7F7F7, 0xF7F7F7, 0xF7F7F7, 0xF6F6F6,
    0xF6F6F6, 0xF6F6F6, 0xF6F6F6, 0xF6F6F6, 0xF6F6F6, 0xF6F6F6, 0xF6F6F6, 0xF6F6F6, 0xF6F6F6, 0xF6F6F6, 0xF6F6F6, 0xF6F6F6,
    0xF6F6F6, 0xF6F6F6, 0xF6F6F6, 0xF6F6F6, 0xF6F6F6, 0xF6F6F6, 0xF6F6F6, 0xF6F6F6, 0xF6F6F6, 0xF6F6F6, 0xF6F6F6, 0xF6F6F6,
    0xF6F6F6, 0xF6F6F6, 0xF6F6F6, 0xF6F6F6, 0xF6F6F6, 0xF6F6F6, 0xF6F6F6, 0xF6F6F6, 0xF6F6F6, 0xF6F6F6, 0xF6F6F6, 0xF6F6F6,
    0xF6F6F6, 0xF6F6F6, 0xF6F6F6, 0xF6F6F6, 0xEEEEEE, 0x4C4C4C, 0x404040, 0x404040, 0x404040, 0xAFAF25, 0xBCBD1F, 0xBCBD1F,
    0xBCBD1F, 0xF0F018, 0xFEFE12, 0xFEFE12, 0xFEFE12, 0xFEFE12, 0xFEFE12, 0xFEFE12, 0xFEFE12, 0xFEFE12, 0xFEFE12, 0xFEFE12,
    0xFEFE12, 0xFEFE12, 0xFEFE12, 0xFEFE12, 0xFEFE12, 0xFEFE12, 0xFEFE12, 0xFEFE12, 0xFEFE12, 0xFEFE12, 0xFEFE12, 0xFEFE12,
    0xFEFE12, 0xFEFE12, 0xFEFE12, 0xFEFE12, 0xFEFE12, 0xFEFE12, 0xFEFE12, 0xFEFE12, 0xFEFE12, 0xFEFE12, 0xFEFE12, 0xFEFE12,
    0xFEFE12, 0xFEFE12, 0xFEFE12, 0xFEFE12, 0xFEFE12, 0xFEFE12, 0xF0F018, 0xBCBD1F, 0xBCBD1F, 0xBCBD1F, 0xAFAF25, 0x404040,
    0x404040, 0x404040, 0x4C4C4C, 0xEEEEEE, 0xF6F6F6, 0xF6F6F6, 0xF6F6F6, 0xF6F6F6, 0xF6F6F6, 0xF6F6F6, 0xF6F6F6, 0xF6F6F6,
    0xF6F6F6, 0xF6F6F6, 0xF6F6F6, 0xF6F6F6, 0xF6F6F6, 0xF6F6F6, 0xF6F6F6, 0xF6F6F6, 0xF6F6F6, 0xF6F6F6, 0xF6F6F6, 0xF6F6F6,
    0xF6F6F6, 0xF6F6F6, 0xF6F6F6, 0xF6F6F6, 0xF6F6F6, 0xF6F6F6, 0xF6F6F6, 0xF6F6F6, 0xF6F6F6, 0xF6F6F6, 0xF6F6F6, 0xF6F6F6,
    0xF6F6F6, 0xF6F6F6, 0xF6F6F6, 0xF6F6F6, 0xF6F6F6, 0xF6F6F6, 0xF6F6F6, 0xF6F6F6, 0xEBEBEB, 0x101010, 0x000000, 0x000000,
    0x000000, 0xE2E219, 0xFEFE12, 0xFEFE12, 0xFEFE12, 0xFEFE12, 0xFEFE12, 0xFEFE12, 0xFEFE12, 0xFEFE12, 0xFEFE12, 0xFEFE12,
    0xFEFE12, 0xFEFE12, 0xFEFE12, 0xFEFE12, 0xFEFE12, 0xFEFE12, 0xFEFE12, 0xFEFE12, 0xFEFE12, 0xFEFE12, 0xFEFE12, 0xFEFE12,
    0xFEFE12, 0xFEFE12, 0xFEFE12, 0xFEFE12, 0xFEFE12, 0xFEFE12, 0xFEFE12, 0xFEFE12, 0xFEFE12, 0xFEFE12, 0xFEFE12, 0xFEFE12,
    0xFEFE12, 0xFEFE12, 0xFEFE12, 0xFEFE12, 0xFEFE12, 0xFEFE12, 0xFEFE12, 0xFEFE12, 0xFEFE12, 0xFEFE12, 0xFEFE12, 0xFEFE12,
    0xFEFE12, 0xFEFE12, 0xE2E219, 0x000000, 0x000000, 0x000000, 0x101010, 0xEBEBEB, 0xF6F6F6, 0xF6F6F6, 0xF6F6F6, 0xF6F6F6,
    0xF6F6F6, 0xF6F6F6, 0xF6F6F6, 0xF6F6F6, 0xF6F6F6, 0xF6F6F6, 0xF6F6F6, 0xF6F6F6, 0xF6F6F6, 0xF6F6F6, 0xF6F6F6, 0xF6F6F6,
    0xF6F6F6, 0xF6F6F6, 0xF6F6F6, 0xF6F6F6, 0xF6F6F6, 0xF6F6F6, 0xF6F6F6, 0xF6F6F6, 0xF6F6F6, 0xF6F6F6, 0xF6F6F6, 0xF6F6F6,
    0xF6F6F6, 0xF6F6F6, 0xF6F6F6, 0xF6F6F6, 0xF6F6F6, 0xF6F6F6, 0xF6F6F6, 0xF6F6F6, 0xF6F6F6, 0xF6F6F6, 0xF6F6F6, 0xF6F6F6,
    0xEBEBEB, 0x101010, 0x000000, 0x000000, 0x000000, 0xE2E219, 0xFEFE12, 0xFEFE12, 0xFEFE12, 0xFEFE12, 0xFEFE12, 0xFEFE12,
    0xFEFE12, 0xFEFE12, 0xFEFE12, 0xFEFE12, 0xFEFE12, 0xFEFE12, 0xFEFE12, 0xFEFE12, 0xFEFE12, 0xFEFE12, 0xFEFE12, 0xFEFE12,
    0xFEFE12, 0xFEFE12, 0xFEFE12, 0xFEFE12, 0xFEFE12, 0xFEFE12, 0xFEFE12, 0xFEFE12, 0xFEFE12, 0xFEFE12, 0xFEFE12, 0xFEFE12,
    0xFEFE12, 0xFEFE12, 0xFEFE12, 0xFEFE12, 0xFEFE12, 0xFEFE12, 0xFEFE12, 0xFEFE12, 0xFEFE12, 0xFEFE12, 0xFEFE12, 0xFEFE12,
    0xFEFE12, 0xFEFE12, 0xFEFE12, 0xFEFE12, 0xFEFE12, 0xFEFE12, 0xE2E219, 0x000000, 0x000000, 0x000000, 0x101010, 0xEBEBEB,
    0xF6F6F6, 0xF6F6F6, 0xF6F6F6, 0xF6F6F6, 0xF6F6F6, 0xF6F6F6, 0xF6F6F6, 0xF6F6F6, 0xF6F6F6, 0xF6F6F6, 0xF6F6F6, 0xF6F6F6,
    0xF6F6F6, 0xF6F6F6, 0xF6F6F6, 0xF6F6F6, 0xF6F6F6, 0xF6F6F6, 0xF6F6F6, 0xF6F6F6, 0xF6F6F6, 0xF6F6F6, 0xF6F6F6, 0xF6F6F6,
    0xF6F6F6, 0xF6F6F6, 0xF6F6F6, 0xF6F6F6, 0xF6F6F6, 0xF6F6F6, 0xF6F6F6, 0xF6F6F6, 0xF6F6F6, 0xF6F6F6, 0xF6F6F6, 0xF6F6F6,
    0xF6F6F6, 0xF6F6F6, 0xF6F6F6, 0xF6F6F6, 0xEBEBEB, 0x101010, 0x000000, 0x000000, 0x000000, 0xE2E219, 0xFEFE12, 0xFEFE12,
    0xFEFE12, 0xFEFE12, 0xFEFE12, 0xFEFE12, 0xFEFE12, 0xFEFE12, 0xFEFE12, 0xFEFE12, 0xFEFE12, 0xFEFE12, 0xFEFE12, 0xFEFE12,
    0xFEFE12, 0xFEFE12, 0xFEFE12, 0xFEFE12, 0xFEFE12, 0xFEFE12, 0xFEFE12, 0xFEFE12, 0xFEFE12, 0xFEFE12, 0xFEFE12, 0xFEFE12,
    0xFEFE12, 0xFEFE12, 0xFEFE12, 0xFEFE12, 0xFEFE12, 0xFEFE12, 0xFEFE12, 0xFEFE12, 0xFEFE12, 0xFEFE12, 0xFEFE12, 0xFEFE12,
    0xFEFE12, 0xFEFE12, 0xFEFE12, 0xFEFE12, 0xFEFE12, 0xFEFE12, 0xFEFE12, 0xFEFE12, 0xFEFE12, 0xFEFE12, 0xE2E219, 0x000000,
    0x000000, 0x000000, 0x101010, 0xEBEBEB, 0xF6F6F6, 0xF6F6F6, 0xF6F6F6, 0xF6F6F6, 0xF6F6F6, 0xF6F6F6, 0xF6F6F6, 0xF6F6F6,
    0xF6F6F6, 0xF6F6F6, 0xF6F6F6, 0xF6F6F6, 0xF6F6F6, 0xF6F6F6, 0xF6F6F6, 0xF6F6F6, 0xF6F6F6, 0xF6F6F6, 0xF6F6F6, 0xF6F6F6,
    0xF6F6F6, 0xF6F6F6, 0xF6F6F6, 0xF6F6F6, 0xF6F6F6, 0xF6F6F6, 0xF6F6F6, 0xF6F6F6, 0xF6F6F6, 0xF6F6F6, 0xF6F6F6, 0xF6F6F6,
    0xF6F6F6, 0xF6F6F6, 0xF6F6F6, 0xF6F6F6, 0xF6F6F6, 0xF6F6F6, 0xF6F6F6, 0xF6F6F6, 0xEBEBEB, 0x101010, 0x000000, 0x000000,
    0x000000, 0xE2E219, 0xFEFE12, 0xFEFE12, 0xFEFE12, 0xFEFE12, 0xFEFE12, 0xFEFE12, 0xFEFE0E, 0xD7D744, 0xBBBB68, 0xBBBB68,
    0xBBBB68, 0xBBBB68, 0xBBBB68, 0xBBBB68, 0xBBBB68, 0xBBBB68, 0xBBBB68, 0xBBBB68, 0xBBBB68, 0xBBBB68, 0xBBBB68, 0xBBBB68,
    0xBBBB68, 0xBBBB68, 0xBBBB68, 0xBBBB68, 0xBBBB68, 0xBBBB68, 0xBBBB68, 0xBBBB68, 0xBBBB68, 0xBBBB67, 0xEAEA2A, 0xFEFE12,
    0xFEFE12, 0xFEFE12, 0xFEFE12, 0xFEFE12, 0xFEFE12, 0xFEFE12, 0xFEFE12, 0xFEFE12, 0xFEFE12, 0xFEFE12, 0xFEFE12, 0xFEFE12,
    0xFEFE12, 0xFEFE12, 0xE2E219, 0x000000, 0x000000, 0x000000, 0x101010, 0xEBEBEB, 0xF6F6F6, 0xF6F6F6, 0xF6F6F6, 0xF6F6F6,
    0xF6F6F6, 0xF6F6F6, 0xF6F6F6, 0xF6F6F6, 0xF6F6F6, 0xF6F6F6, 0xF6F6F6, 0xF6F6F6, 0xF6F6F6, 0xF6F6F6, 0xF6F6F6, 0xF6F6F6,
    0xF6F6F6, 0xF6F6F6, 0xF6F6F6, 0xF6F6F6, 0xF6F6F6, 0xF6F6F6, 0xF6F6F6, 0xF6F6F6, 0xF6F6F6, 0xF6F6F6, 0xF6F6F6, 0xF6F6F6,
    0xF6F6F6, 0xF6F6F6, 0xF6F6F6, 0xF6F6F6, 0xF6F6F6, 0xF6F6F6, 0xF6F6F6, 0xF6F6F6, 0xF6F6F6, 0xF6F6F6, 0xF6F6F6, 0xF6F6F6,
    0xEBEBEB, 0x101010, 0x000000, 0x000000, 0x000000, 0xE2E219, 0xFEFE12, 0xFEFE12, 0xFEFE12, 0xFEFE12, 0xFEFE12, 0xFEFE12,
    0xFEFE0D, 0xC3C361, 0x989899, 0x989898, 0x989898, 0x989898, 0x989898, 0x989898, 0x989898, 0x989898, 0x989898, 0x989898,
    0x989898, 0x989898, 0x989898, 0x989898, 0x989898, 0x989898, 0x989898, 0x989898, 0x989898, 0x989898, 0x989898, 0x989898,
    0x989898, 0x979797, 0xDFDF36, 0xFEFE12, 0xFEFE12, 0xFEFE12, 0xFEFE12, 0xFEFE12, 0xFEFE12, 0xFEFE12, 0xFEFE12, 0xFEFE12,
    0xFEFE12, 0xFEFE12, 0xFEFE12, 0xFEFE12, 0xFEFE12, 0xFEFE12, 0xE2E219, 0x000000, 0x000000, 0x000000, 0x101010, 0xEBEBEB,
    0xF6F6F6, 0xF6F6F6, 0xF6F6F6, 0xF6F6F6, 0xF6F6F6, 0xF6F6F6, 0xF6F6F6, 0xF6F6F6, 0xF6F6F6, 0xF6F6F6, 0xF6F6F6, 0xF6F6F6,
    0xF6F6F6, 0xF6F6F6, 0xF6F6F6, 0xF6F6F6, 0xF6F6F6, 0xF6F6F6, 0xF6F6F6, 0xF6F6F6, 0xF6F6F6, 0xF6F6F6, 0xF6F6F6, 0xF6F6F6,
    0xF6F6F6, 0xF6F6F6, 0xF6F6F6, 0xF6F6F6, 0xF6F6F6, 0xF6F6F6, 0xF6F6F6, 0xF6F6F6, 0xF6F6F6, 0xF6F6F6, 0xF6F6F6, 0xF6F6F6,
    0xF6F6F6, 0xF6F6F6, 0xF6F6F6, 0xF6F6F6, 0xEBEBEB, 0x101010, 0x000000, 0x000000, 0x000000, 0xE2E219, 0xFEFE12, 0xFEFE12,
    0xFEFE12, 0xFEFE12, 0xFEFE12, 0xFEFE12, 0xFEFE0D, 0xC3C361, 0x989898, 0x989898, 0x989898, 0x989898, 0x989898, 0x989898,
    0x989898, 0x989898, 0x989898, 0x989898, 0x989898, 0x989898, 0x989898, 0x989898, 0x989898, 0x989898, 0x989898, 0x989898,
    0x989898, 0x989898, 0x989898, 0x989898, 0x989898, 0x979796, 0xDFDF36, 0xFEFE12, 0xFEFE12, 0xFEFE12, 0xFEFE12, 0xFEFE12,
    0xFEFE12, 0xFEFE12, 0xFEFE12, 0xFEFE12, 0xFEFE12, 0xFEFE12, 0xFEFE12, 0xFEFE12, 0xFEFE12, 0xFEFE12, 0xE2E219, 0x000000,
    0x000000, 0x000000, 0x101010, 0xEBEBEB, 0xF6F6F6, 0xF6F6F6, 0xF6F6F6, 0xF6F6F6, 0xF6F6F6, 0xF6F6F6, 0xF6F6F6, 0xF6F6F6,
    0xF6F6F6, 0xF6F6F6, 0xF6F6F6, 0xF6F6F6, 0xF6F6F6, 0xF6F6F6, 0xF6F6F6, 0xF6F6F6, 0xF6F6F6, 0xF6F6F6, 0xF6F6F6, 0xF6F6F6,
    0xF6F6F6, 0xF6F6F6, 0xF6F6F6, 0xF6F6F6, 0xF6F6F6, 0xF6F6F6, 0xF6F6F6, 0xF6F6F6, 0xF6F6F6, 0xF6F6F6, 0xF6F6F6, 0xF6F6F6,
    0xF6F6F6, 0xF6F6F6, 0xF6F6F6, 0xF6F6F6, 0xF6F6F6, 0xF6F6F6, 0xF6F6F6, 0xF6F6F6, 0xEBEBEB, 0x101010, 0x000000, 0x000000,
    0x000000, 0xE2E219, 0xFEFE12, 0xFEFE12, 0xFEFE12, 0xFEFE0F, 0xFEFE0E, 0xFEFE0E, 0xFEFE0A, 0xC3C361, 0x989898, 0x989898,
    0x989898, 0x989898, 0x989898, 0x989898, 0x989898, 0x989898, 0x989898, 0x989898, 0x989898, 0x989898, 0x989898, 0x989898,
    0x989898, 0x989898, 0x989898, 0x989898, 0x989898, 0x989898, 0x989898, 0x989898, 0x989898, 0x979796, 0xDFDF35, 0xFEFE0E,
    0xFEFE0E, 0xFEFE0E, 0xFEFE11, 0xFEFE12, 0xFEFE12, 0xFEFE12, 0xFEFE12, 0xFEFE12, 0xFEFE12, 0xFEFE12, 0xFEFE12, 0xFEFE12,
    0xFEFE12, 0xFEFE12, 0xE2E219, 0x000000, 0x000000, 0x000000, 0x101010, 0xEBEBEB, 0xF6F6F6, 0xF6F6F6, 0xF6F6F6, 0xF6F6F6,
    0xF6F6F6, 0xF6F6F6, 0xF6F6F6, 0xF6F6F6, 0xF6F6F6, 0xF6F6F6, 0xF6F6F6, 0xF6F6F6, 0xF6F6F6, 0xF6F6F6, 0xF6F6F6, 0xF6F6F6,
    0xF6F6F6, 0xF6F6F6, 0xF6F6F6, 0xF6F6F6, 0xF6F6F6, 0xF6F6F6, 0xF6F6F6, 0xF6F6F6, 0xF6F6F6, 0xF6F6F6, 0xF6F6F6, 0xF6F6F6,
    0xF6F6F6, 0xF6F6F6, 0xF6F6F6, 0xF6F6F6, 0xF6F6F6, 0xF6F6F6, 0xF6F6F6, 0xF6F6F6, 0xF6F6F6, 0xF6F6F6, 0xF6F6F6, 0xF6F6F6,
    0xEBEBEB, 0x101010, 0x000000, 0x000000, 0x000000, 0xE2E219, 0xFEFE12, 0xFEFE12, 0xFEFE0E, 0xD4D445, 0xC7C75C, 0xC7C75C,
    0xC7C75A, 0xBCBD90, 0xB5B5B5, 0xB5B5B5, 0xB5B5B5, 0xB5B5B5, 0xB5B5B5, 0xB5B5B5, 0xB5B5B5, 0xB5B5B5, 0xB5B5B5, 0xB5B5B5,
    0xB5B5B5, 0xB5B5B5, 0xB5B5B5, 0xB5B5B5, 0xB5B5B5, 0xB5B5B5, 0xB5B5B5, 0xB5B5B5, 0xB5B5B5, 0xB4B4B4, 0x9F9F9F, 0x989898,
    0x989898, 0x989898, 0xB9B96E, 0xC7C75C, 0xC7C75C, 0xC7C75C, 0xE8E838, 0xFEFE12, 0xFEFE12, 0xFEFE12, 0xFEFE12, 0xFEFE12,
    0xFEFE12, 0xFEFE12, 0xFEFE12, 0xFEFE12, 0xFEFE12, 0xFEFE12, 0xE2E219, 0x000000, 0x000000, 0x000000, 0x101010, 0xEBEBEB,
    0xF6F6F6, 0xF6F6F6, 0xF6F6F6, 0xF6F6F6, 0xF6F6F6, 0xF6F6F6, 0xF6F6F6, 0xF6F6F6, 0xF6F6F6, 0xF6F6F6, 0xF6F6F6, 0xF6F6F6,
    0xF6F6F6, 0xF6F6F6, 0xF6F6F6, 0xF6F6F6, 0xF6F6F6, 0xF6F6F6, 0xF6F6F6, 0xF6F6F6, 0xF6F6F6, 0xF6F6F6, 0xF6F6F6, 0xF6F6F6,
    0xF6F6F6, 0xF6F6F6, 0xF6F6F6, 0xF6F6F6, 0xF6F6F6, 0xF6F6F6, 0xF6F6F6, 0xF6F6F6, 0xF6F6F6, 0xF6F6F6, 0xF6F6F6, 0xF6F6F6,
    0xF6F6F6, 0xF6F6F6, 0xF6F6F6, 0xF6F6F6, 0xEBEBEB, 0x101010, 0x000000, 0x000000, 0x000000, 0xE2E219, 0xFEFE12, 0xFEFE12,
    0xFEFE0D, 0xB2B274, 0x989898, 0x989898, 0x989898, 0xB6B6B6, 0xCBCBCB, 0xCBCBCB, 0xCBCBCB, 0xCBCBCB, 0xCBCBCB, 0xCBCBCB,
    0xCBCBCB, 0xCBCBCB, 0xCBCBCB, 0xCBCBCB, 0xCBCBCB, 0xCBCBCB, 0xCBCBCB, 0xCBCBCB, 0xCBCBCB, 0xCBCBCB, 0xCBCBCB, 0xCBCBCB,
    0xCBCBCB, 0xC9C9C9, 0xA3A3A3, 0x989898, 0x989898, 0x989898, 0x989898, 0x989898, 0x989898, 0x979799, 0xD3D34F, 0xFEFE12,
    0xFEFE12, 0xFEFE12, 0xFEFE12, 0xFEFE12, 0xFEFE12, 0xFEFE12, 0xFEFE12, 0xFEFE12, 0xFEFE12, 0xFEFE12, 0xE2E219, 0x000000,
    0x000000, 0x000000, 0x101010, 0xEBEBEB, 0xF6F6F6, 0xF6F6F6, 0xF6F6F6, 0xF6F6F6, 0xF6F6F6, 0xF6F6F6, 0xF6F6F6, 0xF6F6F6,
    0xF6F6F6, 0xF6F6F6, 0xF6F6F6, 0xF6F6F6, 0xF6F6F6, 0xF6F6F6, 0xF6F6F6, 0xF6F6F6, 0xF6F6F6, 0xF6F6F6, 0xF6F6F6, 0xF6F6F6,
    0xF6F6F6, 0xF6F6F6, 0xF6F6F6, 0xF6F6F6, 0xF6F6F6, 0xF6F6F6, 0xF6F6F6, 0xF6F6F6, 0xF6F6F6, 0xF6F6F6, 0xF6F6F6, 0xF6F6F6,
    0xF6F6F6, 0xF6F6F6, 0xF6F6F6, 0xF6F6F6, 0xF6F6F6, 0xF6F6F6, 0xF6F6F6, 0xF6F6F6, 0xEBEBEB, 0x101010, 0x000000, 0x000000,
    0x000000, 0xE2E219, 0xFEFE12, 0xFEFE12, 0xFEFE0D, 0xB3B374, 0x989898, 0x989898, 0x989898, 0xB6B6B6, 0xCBCBCB, 0xCBCBCB,
    0xCBCBCB, 0xCBCBCB, 0xCBCBCB, 0xCBCBCB, 0xCBCBCB, 0xCBCBCB, 0xCBCBCB, 0xCBCBCB, 0xCBCBCB, 0xCBCBCB, 0xCBCBCB, 0xCBCBCB,
    0xCBCBCB, 0xCBCBCB, 0xCBCBCB, 0xCBCBCB, 0xCBCBCB, 0xC9C9C9, 0xA3A3A3, 0x989898, 0x989898, 0x989898, 0x989898, 0x989898,
    0x989898, 0x989898, 0xD3D34F, 0xFEFE12, 0xFEFE12, 0xFEFE12, 0xFEFE12, 0xFEFE12, 0xFEFE12, 0xFEFE12, 0xFEFE12, 0xFEFE12,
    0xFEFE12, 0xFEFE12, 0xE2E219, 0x000000, 0x000000, 0x000000, 0x101010, 0xEBEBEB, 0xF6F6F6, 0xF6F6F6, 0xF6F6F6, 0xF6F6F6,
    0xF6F6F6, 0xF6F6F6, 0xF6F6F6, 0xF6F6F6, 0xF6F6F6, 0xF6F6F6, 0xF6F6F6, 0xF6F6F6, 0xF6F6F6, 0xF6F6F6, 0xF6F6F6, 0xF6F6F6,
    0xF6F6F6, 0xF6F6F6, 0xF6F6F6, 0xF6F6F6, 0xF6F6F6, 0xF6F6F6, 0xF6F6F6, 0xF6F6F6, 0xF6F6F6, 0xF6F6F6, 0xF6F6F6, 0xF6F6F6,
    0xF6F6F6, 0xF6F6F6, 0xF6F6F6, 0xF6F6F6, 0xF6F6F6, 0xF6F6F6, 0xF6F6F6, 0xF6F6F6, 0xF6F6F6, 0xF6F6F6, 0xF6F6F6, 0xF6F6F6,
    0xEBEBEB, 0x101010, 0x000000, 0x000000, 0x000000, 0xE2E219, 0xFEFE12, 0xFEFE12, 0xFEFE0D, 0xB3B374, 0x989898, 0x989898,
    0x989898, 0xB6B6B6, 0xCBCBCB, 0xCBCBCB, 0xCBCBCB, 0xCBCBCB, 0xCBCBCB, 0xCBCBCB, 0xCBCBCB, 0xCBCBCB, 0xCBCBCB, 0xCBCBCB,
    0xCBCBCB, 0xCBCBCB, 0xCBCBCB, 0xCBCBCB, 0xCBCBCB, 0xCBCBCB, 0xCBCBCB, 0xCBCBCB, 0xCBCBCB, 0xC9C9C9, 0xA3A3A3, 0x989898,
    0x989898, 0x989898, 0x989898, 0x989898, 0x989898, 0x989898, 0xD3D34E, 0xFEFE11, 0xFEFE12, 0xFEFE12, 0xFEFE12, 0xFEFE12,
    0xFEFE12, 0xFEFE12, 0xFEFE12, 0xFEFE12, 0xFEFE12, 0xFEFE12, 0xE2E219, 0x000000, 0x000000, 0x000000, 0x101010, 0xEBEBEB,
    0xF6F6F6, 0xF6F6F6, 0xF6F6F6, 0xF6F6F6, 0xF6F6F6, 0xF6F6F6, 0xF6F6F6, 0xF6F6F6, 0xF6F6F6, 0xF6F6F6, 0xF6F6F6, 0xF6F6F6,
    0xF6F6F6, 0xF6F6F6, 0xF6F6F6, 0xF6F6F6, 0xF6F6F6, 0xF6F6F6, 0xF6F6F6, 0xF6F6F6, 0xF6F6F6, 0xF6F6F6, 0xF6F6F6, 0xF6F6F6,
    0xF6F6F6, 0xF6F6F6, 0xF6F6F6, 0xF6F6F6, 0xF6F6F6, 0xF6F6F6, 0xF6F6F6, 0xF6F6F6, 0xF6F6F6, 0xF6F6F6, 0xF6F6F6, 0xF6F6F6,
    0xF6F6F6, 0xF6F6F6, 0xF6F6F6, 0xF6F6F6, 0xEBEBEB, 0x101010, 0x000000, 0x000000, 0x000000, 0x84841C, 0x95951A, 0x95951A,
    0x959519, 0x989879, 0x989898, 0x989898, 0x989898, 0xB6B6B6, 0xCBCBCB, 0xCBCBCB, 0xCBCBCB, 0xD4D4D4, 0xE1E1E1, 0xE1E1E1,
    0xE1E1E1, 0xE1E1E1, 0xE1E1E1, 0xE1E1E1, 0xE1E1E1, 0xE1E1E1, 0xE1E1E1, 0xE1E1E1, 0xE1E1E1, 0xE1E1E1, 0xE1E1E1, 0xE1E1E1,
    0xE1E1E1, 0xDFDFDF, 0xA5A5A5, 0x989898, 0x989898, 0x989898, 0x989898, 0x989898, 0x989898, 0x989899, 0x979754, 0x959519,
    0x95951A, 0x95951A, 0x95951A, 0x95951A, 0x95951A, 0x95951A, 0x95951A, 0x95951A, 0x95951A, 0x95951A, 0x848419, 0x000000,
    0x000000, 0x000000, 0x101010, 0xEBEBEB, 0xF6F6F6, 0xF6F6F6, 0xF6F6F6, 0xF6F6F6, 0xF6F6F6, 0xF6F6F6, 0xF6F6F6, 0xF6F6F6,
    0xF6F6F6, 0xF6F6F6, 0xF6F6F6, 0xF6F6F6, 0xF6F6F6, 0xF6F6F6, 0xF6F6F6, 0xF6F6F6, 0xF6F6F6, 0xF6F6F6, 0xF6F6F6, 0xF6F6F6,
    0xF6F6F6, 0xF6F6F6, 0xF6F6F6, 0xF6F6F6, 0xF6F6F6, 0xF6F6F6, 0xF6F6F6, 0xF6F6F6, 0xF6F6F6, 0xF6F6F6, 0xF6F6F6, 0xF6F6F6,
    0xF6F6F6, 0xF6F6F6, 0xF6F6F6, 0xF6F6F6, 0xF6F6F6, 0xF6F6F6, 0xF6F6F6, 0xF6F6F6, 0xEBEBEB, 0x101010, 0x000000, 0x000000,
    0x000000, 0x000000, 0x000000, 0x000000, 0x000000, 0x767676, 0x989898, 0x989898, 0x989898, 0xB6B6B6, 0xCBCBCB, 0xCBCBCB,
    0xCBCBCB, 0xE0E0E0, 0xFEFEFE, 0xFEFEFE, 0xFEFEFE, 0xFEFEFE, 0xFEFEFE, 0xFEFEFE, 0xFEFEFE, 0xFEFEFE, 0xFEFEFE, 0xFEFEFE,
    0xFEFEFE, 0xFEFEFE, 0xFEFEFE, 0xFEFEFE, 0xFEFEFE, 0xFBFBFB, 0xABABAB, 0x989898, 0x989898, 0x989898, 0x989898, 0x989898,
    0x989898, 0x999999, 0x4C4C4C, 0x000000, 0x000000, 0x000000, 0x000000, 0x000000, 0x000000, 0x000000, 0x000000, 0x000000,
    0x000000, 0x000000, 0x000000, 0x000000, 0x000000, 0x000000, 0x101010, 0xEBEBEB, 0xF6F6F6, 0xF6F6F6, 0xF6F6F6, 0xF6F6F6,
    0xF6F6F6, 0xF6F6F6, 0xF6F6F6, 0xF6F6F6, 0xF6F6F6, 0xF6F6F6, 0xF6F6F6, 0xF6F6F6, 0xF6F6F6, 0xF6F6F6, 0xF6F6F6, 0xF6F6F6,
    0xF6F6F6, 0xF6F6F6, 0xF6F6F6, 0xF6F6F6, 0xF6F6F6, 0xF6F6F6, 0xF6F6F6, 0xF6F6F6, 0xF6F6F6, 0xF6F6F6, 0xF6F6F6, 0xF6F6F6,
    0xF6F6F6, 0xF6F6F6, 0xF6F6F6, 0xF6F6F6, 0xF6F6F6, 0xF6F6F6, 0xF6F6F6, 0xF6F6F6, 0xF6F6F6, 0xF6F6F6, 0xF6F6F6, 0xF6F6F6,
    0xEBEBEB, 0x101010, 0x000000, 0x000000, 0x000000, 0x000000, 0x000000, 0x000000, 0x000000, 0x767676, 0x989898, 0x989898,
    0x989898, 0xB6B6B6, 0xCBCBCB, 0xCBCBCB, 0xCBCBCB, 0xE0E0E0, 0xFEFEFE, 0xFEFEFE, 0xFEFEFE, 0xFEFEFE, 0xFEFEFE, 0xFEFEFE,
    0xFEFEFE, 0xFEFEFE, 0xFEFEFE, 0xFEFEFE, 0xFEFEFE, 0xFEFEFE, 0xFEFEFE, 0xFEFEFE, 0xFEFEFE, 0xFBFBFB, 0xABABAB, 0x989898,
    0x989898, 0x989898, 0x989898, 0x989898, 0x989898, 0x999999, 0x4D4D4D, 0x000000, 0x000000, 0x000000, 0x000000, 0x000000,
    0x000000, 0x000000, 0x000000, 0x000000, 0x000000, 0x000000, 0x000000, 0x000000, 0x000000, 0x000000, 0x101010, 0xEBEBEB,
    0xF6F6F6, 0xF6F6F6, 0xF6F6F6, 0xF6F6F6, 0xF6F6F6, 0xF6F6F6, 0xF6F6F6, 0xF6F6F6, 0xF6F6F6, 0xF6F6F6, 0xF6F6F6, 0xF6F6F6,
    0xF6F6F6, 0xF6F6F6, 0xF6F6F6, 0xF6F6F6, 0xF6F6F6, 0xF6F6F6, 0xF6F6F6, 0xF6F6F6, 0xF6F6F6, 0xF6F6F6, 0xF6F6F6, 0xF6F6F6,
    0xF6F6F6, 0xF6F6F6, 0xF6F6F6, 0xF6F6F6, 0xF6F6F6, 0xF6F6F6, 0xF6F6F6, 0xF6F6F6, 0xF6F6F6, 0xF6F6F6, 0xF6F6F6, 0xF6F6F6,
    0xF6F6F6, 0xF6F6F6, 0xF6F6F6, 0xF6F6F6, 0xEBEBEB, 0x101010, 0x000000, 0x000000, 0x000000, 0x000000, 0x000000, 0x000000,
    0x000000, 0x767676, 0x989898, 0x989898, 0x989898, 0xB6B6B6, 0xCBCBCB, 0xCBCBCB, 0xCBCBCB, 0xE0E0E0, 0xFEFEFE, 0xFEFEFE,
    0xFEFEFE, 0xFEFEFE, 0xFEFEFE, 0xFEFEFE, 0xFEFEFE, 0xFEFEFE, 0xFEFEFE, 0xFEFEFE, 0xFEFEFE, 0xFEFEFE, 0xFEFEFE, 0xFEFEFE,
    0xFEFEFE, 0xFBFBFB, 0xABABAB, 0x989898, 0x989898, 0x989898, 0x989898, 0x989898, 0x989898, 0x999999, 0x4D4D4D, 0x000000,
    0x000000, 0x000000, 0x000000, 0x000000, 0x000000, 0x000000, 0x000000, 0x000000, 0x000000, 0x000000, 0x000000, 0x000000,
    0x000000, 0x000000, 0x101010, 0xEBEBEB, 0xF6F6F6, 0xF6F6F6, 0xF6F6F6, 0xF6F6F6, 0xF6F6F6, 0xF6F6F6, 0xF6F6F6, 0xF6F6F6,
    0xF6F6F6, 0xF6F6F6, 0xF6F6F6, 0xF6F6F6, 0xF6F6F6, 0xF6F6F6, 0xF6F6F6, 0xF6F6F6, 0xF6F6F6, 0xF6F6F6, 0xF6F6F6, 0xF6F6F6,
    0xF6F6F6, 0xF6F6F6, 0xF6F6F6, 0xF6F6F6, 0xF6F6F6, 0xF6F6F6, 0xF6F6F6, 0xF6F6F6, 0xF6F6F6, 0xF6F6F6, 0xF6F6F6, 0xF6F6F6,
    0xF6F6F6, 0xF6F6F6, 0xF6F6F6, 0xF6F6F6, 0xF6F6F6, 0xF6F6F6, 0xF6F6F6, 0xF6F6F6, 0xEBEBEB, 0x101010, 0x000000, 0x000000,
    0x000000, 0x000000, 0x000000, 0x000000, 0x000000, 0x767676, 0x989898, 0x989898, 0x989898, 0xB6B6B6, 0xCBCBCB, 0xCBCBCB,
    0xCBCBCB, 0xE0E0E0, 0xFEFEFE, 0xFEFEFE, 0xFEFEFE, 0xE2E2E2, 0xA0A0A0, 0xA0A0A0, 0xA0A0A0, 0xA0A0A0, 0xA0A0A0, 0xA0A0A0,
    0xA0A0A0, 0xADADAD, 0xF6F6F6, 0xFEFEFE, 0xFEFEFE, 0xFBFBFB, 0xABABAB, 0x989898, 0x989898, 0x989898, 0x989898, 0x989898,
    0x989898, 0x999999, 0x4D4D4D, 0x000000, 0x000000, 0x000000, 0x000000, 0x000000, 0x000000, 0x000000, 0x000000, 0x000000,
    0x000000, 0x000000, 0x000000, 0x000000, 0x000000, 0x000000, 0x101010, 0xEBEBEB, 0xF6F6F6, 0xF6F6F6, 0xF6F6F6, 0xF6F6F6,
    0xF6F6F6, 0xF6F6F6, 0xF6F6F6, 0xF6F6F6, 0xF6F6F6, 0xF6F6F6, 0xF6F6F6, 0xF6F6F6, 0xF6F6F6, 0xF6F6F6, 0xF6F6F6, 0xF6F6F6,
    0xF6F6F6, 0xF6F6F6, 0xF6F6F6, 0xF6F6F6, 0xF6F6F6, 0xF6F6F6, 0xF6F6F6, 0xF6F6F6, 0xF6F6F6, 0xF6F6F6, 0xF6F6F6, 0xF6F6F6,
    0xF6F6F6, 0xF6F6F6, 0xF6F6F6, 0xF6F6F6, 0xF6F6F6, 0xF6F6F6, 0xF6F6F6, 0xF6F6F6, 0xF6F6F6, 0xF6F6F6, 0xF6F6F6, 0xF6F6F6,
    0xEBEBEB, 0x101010, 0x000000, 0x000000, 0x000000, 0x000000, 0x000000, 0x000000, 0x000000, 0x767676, 0x989898, 0x989898,
    0x989898, 0xB6B6B6, 0xCBCBCB, 0xCBCBCB, 0xCBCBCB, 0xE0E0E0, 0xFEFEFE, 0xFEFEFE, 0xFEFEFE, 0xB3B3B3, 0x000000, 0x000000,
    0x000000, 0x000000, 0x000000, 0x000000, 0x000000, 0x242424, 0xE9E9E9, 0xFEFEFE, 0xFEFEFE, 0xFBFBFB, 0xABABAB, 0x989898,
    0x989898, 0x989898, 0x989898, 0x989898, 0x989898, 0x999999, 0x4D4D4D, 0x000000, 0x000000, 0x000000, 0x000000, 0x000000,
    0x000000, 0x000000, 0x000000, 0x000000, 0x000000, 0x000000, 0x000000, 0x000000, 0x000000, 0x000000, 0x101010, 0xEBEBEB,
    0xF6F6F6, 0xF6F6F6, 0xF6F6F6, 0xF6F6F6, 0xF6F6F6, 0xF6F6F6, 0xF6F6F6, 0xF6F6F6, 0xF6F6F6, 0xF6F6F6, 0xF6F6F6, 0xF6F6F6,
    0xF6F6F6, 0xF6F6F6, 0xF6F6F6, 0xF6F6F6, 0xF6F6F6, 0xF6F6F6, 0xF6F6F6, 0xF6F6F6, 0xF6F6F6, 0xF6F6F6, 0xF6F6F6, 0xF6F6F6,
    0xF6F6F6, 0xF6F6F6, 0xF6F6F6, 0xF6F6F6, 0xF6F6F6, 0xF6F6F6, 0xF6F6F6, 0xF6F6F6, 0xF6F6F6, 0xF6F6F6, 0xF6F6F6, 0xF6F6F6,
    0xF6F6F6, 0xF6F6F6, 0xF6F6F6, 0xF6F6F6, 0xEBEBEB, 0x101010, 0x000000, 0x000000, 0x000000, 0x000000, 0x000000, 0x000000,
    0x000000, 0x767676, 0x989898, 0x989898, 0x989898, 0xB6B6B6, 0xCBCBCB, 0xCBCBCB, 0xCBCBCB, 0xE0E0E0, 0xFEFEFE, 0xFEFEFE,
    0xFEFEFE, 0xB3B3B3, 0x000000, 0x000000, 0x000000, 0x000000, 0x000000, 0x000000, 0x000000, 0x242424, 0xE9E9E9, 0xFEFEFE,
    0xFEFEFE, 0xFBFBFB, 0xABABAB, 0x989898, 0x989898, 0x989898, 0x989898, 0x989898, 0x989898, 0x999999, 0x4D4D4D, 0x000000,
    0x000000, 0x000000, 0x000000, 0x000000, 0x000000, 0x000000, 0x000000, 0x000000, 0x000000, 0x000000, 0x000000, 0x000000,
    0x000000, 0x000000, 0x101010, 0xEBEBEB, 0xF6F6F6, 0xF6F6F6, 0xF6F6F6, 0xF6F6F6, 0xF6F6F6, 0xF6F6F6, 0xF6F6F6, 0xF6F6F6,
    0xF6F6F6, 0xF6F6F6, 0xF6F6F6, 0xF6F6F6, 0xF6F6F6, 0xF6F6F6, 0xF6F6F6, 0xF6F6F6, 0xF6F6F6, 0xF6F6F6, 0xF6F6F6, 0xF6F6F6,
    0xF6F6F6, 0xF6F6F6, 0xF6F6F6, 0xF6F6F6, 0xF6F6F6, 0xF6F6F6, 0xF6F6F6, 0xF6F6F6, 0xF6F6F6, 0xF6F6F6, 0xF6F6F6, 0xF6F6F6,
    0xF6F6F6, 0xF6F6F6, 0xF6F6F6, 0xF6F6F6, 0xF6F6F6, 0xF6F6F6, 0xF6F6F6, 0xF6F6F6, 0xEBEBEB, 0x101010, 0x000000, 0x000000,
    0x000000, 0x000000, 0x000000, 0x000000, 0x000000, 0x767676, 0x989898, 0x989898, 0x989898, 0xB6B6B6, 0xCBCBCB, 0xCBCBCB,
    0xCBCBCB, 0xE0E0E0, 0xFEFEFE, 0xFEFEFE, 0xFEFEFE, 0xB3B3B3, 0x000000, 0x000000, 0x000000, 0x000000, 0x000000, 0x000000,
    0x000000, 0x242424, 0xE9E9E9, 0xFEFEFE, 0xFEFEFE, 0xFBFBFB, 0xABABAB, 0x989898, 0x989898, 0x989898, 0x989898, 0x989898,
    0x989898, 0x999999, 0x4D4D4D, 0x000000, 0x000000, 0x000000, 0x000000, 0x000000, 0x000000, 0x000000, 0x000000, 0x000000,
    0x000000, 0x000000, 0x000000, 0x000000, 0x000000, 0x000000, 0x101010, 0xEBEBEB, 0xF6F6F6, 0xF6F6F6, 0xF6F6F6, 0xF6F6F6,
    0xF6F6F6, 0xF6F6F6, 0xF6F6F6, 0xF6F6F6, 0xF6F6F6, 0xF6F6F6, 0xF6F6F6, 0xF6F6F6, 0xF6F6F6, 0xF6F6F6, 0xF6F6F6, 0xF6F6F6,
    0xF6F6F6, 0xF6F6F6, 0xF6F6F6, 0xF6F6F6, 0xF6F6F6, 0xF6F6F6, 0xF6F6F6, 0xF6F6F6, 0xF6F6F6, 0xF6F6F6, 0xF6F6F6, 0xF6F6F6,
    0xF6F6F6, 0xF6F6F6, 0xF6F6F6, 0xF6F6F6, 0xF6F6F6, 0xF6F6F6, 0xF6F6F6, 0xF6F6F6, 0xF6F6F6, 0xF6F6F6, 0xF6F6F6, 0xF6F6F6,
    0xEBEBEB, 0x101010, 0x000000, 0x000000, 0x000000, 0x434311, 0x4C4C13, 0x4C4C13, 0x4C4C13, 0x888879, 0x989898, 0x989898,
    0x989898, 0xB6B6B6, 0xCBCBCB, 0xCBCBCB, 0xCBCBCB, 0xE0E0E0, 0xFEFEFE, 0xFEFEFE, 0xFEFEFE, 0xB3B3B3, 0x000000, 0x000000,
    0x000000, 0x000000, 0x000000, 0x000000, 0x000000, 0x242424, 0xE9E9E9, 0xFEFEFE, 0xFEFEFE, 0xFBFBFB, 0xABABAB, 0x989898,
    0x989898, 0x989898, 0x989898, 0x989898, 0x989898, 0x989899, 0x706F53, 0x4C4C13, 0x4C4C13, 0x4C4C13, 0x4C4C13, 0x4C4C13,
    0x4C4C13, 0x4C4C13, 0x4C4C13, 0x4C4C13, 0x4C4C13, 0x4C4C13, 0x434311, 0x000000, 0x000000, 0x000000, 0x101010, 0xEBEBEB,
    0xF6F6F6, 0xF6F6F6, 0xF6F6F6, 0xF6F6F6, 0xF6F6F6, 0xF6F6F6, 0xF6F6F6, 0xF6F6F6, 0xF6F6F6, 0xF6F6F6, 0xF6F6F6, 0xF6F6F6,
    0xF6F6F6, 0xF6F6F6, 0xF6F6F6, 0xF6F6F6, 0xF6F6F6, 0xF6F6F6, 0xF6F6F6, 0xF6F6F6, 0xF6F6F6, 0xF6F6F6, 0xF6F6F6, 0xF6F6F6,
    0xF6F6F6, 0xF6F6F6, 0xF6F6F6, 0xF6F6F6, 0xF6F6F6, 0xF6F6F6, 0xF6F6F6, 0xF6F6F6, 0xF6F6F6, 0xF6F6F6, 0xF6F6F6, 0xF6F6F6,
    0xF6F6F6, 0xF6F6F6, 0xF6F6F6, 0xF6F6F6, 0xEBEBEB, 0x101010, 0x000000, 0x000000, 0x000000, 0xDFDF1A, 0xFBFB14, 0xFBFB14,
    0xFBFB0F, 0xB2B275, 0x989898, 0x989898, 0x989898, 0xB6B6B6, 0xCBCBCB, 0xCBCBCB, 0xCBCBCB, 0xE0E0E0, 0xFEFEFE, 0xFEFEFE,
    0xFEFEFE, 0xB3B3B3, 0x000000, 0x000000, 0x000000, 0x000000, 0x000000, 0x000000, 0x000000, 0x242424, 0xE9E9E9, 0xFEFEFE,
    0xFEFEFE, 0xFBFBFB, 0xABABAB, 0x989898, 0x989898, 0x989898, 0x989898, 0x989898, 0x989898, 0x989898, 0xD3D34E, 0xFBFB12,
    0xFBFB14, 0xFBFB14, 0xFBFB14, 0xFBFB14, 0xFBFB14, 0xFBFB14, 0xFBFB14, 0xFBFB14, 0xFBFB14, 0xFBFB14, 0xDFDF1A, 0x000000,
    0x000000, 0x000000, 0x101010, 0xEBEBEB, 0xF6F6F6, 0xF6F6F6, 0xF6F6F6, 0xF6F6F6, 0xF6F6F6, 0xF6F6F6, 0xF6F6F6, 0xF6F6F6,
    0xF6F6F6, 0xF6F6F6, 0xF6F6F6, 0xF6F6F6, 0xF6F6F6, 0xF6F6F6, 0xF6F6F6, 0xF6F6F6, 0xF6F6F6, 0xF6F6F6, 0xF6F6F6, 0xF6F6F6,
    0xF6F6F6, 0xF6F6F6, 0xF6F6F6, 0xF6F6F6, 0xF6F6F6, 0xF6F6F6, 0xF6F6F6, 0xF6F6F6, 0xF6F6F6, 0xF6F6F6, 0xF6F6F6, 0xF6F6F6,
    0xF6F6F6, 0xF6F6F6, 0xF6F6F6, 0xF6F6F6, 0xF6F6F6, 0xF6F6F6, 0xF6F6F6, 0xF6F6F6, 0xEBEBEB, 0x101010, 0x000000, 0x000000,
    0x000000, 0xE2E219, 0xFEFE12, 0xFEFE12, 0xFEFE0D, 0xB3B374, 0x989898, 0x989898, 0x989898, 0xB6B6B6, 0xCBCBCB, 0xCBCBCB,
    0xCBCBCB, 0xE0E0E0, 0xFEFEFE, 0xFEFEFE, 0xFEFEFE, 0xB3B3B3, 0x000000, 0x000000, 0x000000, 0x000000, 0x000000, 0x000000,
    0x000000, 0x242424, 0xE9E9E9, 0xFEFEFE, 0xFEFEFE, 0xFBFBFB, 0xABABAB, 0x989898, 0x989898, 0x989898, 0x989898, 0x989898,
    0x989898, 0x989898, 0xD3D34F, 0xFEFE12, 0xFEFE12, 0xFEFE12, 0xFEFE12, 0xFEFE12, 0xFEFE12, 0xFEFE12, 0xFEFE12, 0xFEFE12,
    0xFEFE12, 0xFEFE12, 0xE2E219, 0x000000, 0x000000, 0x000000, 0x101010, 0xEBEBEB, 0xF6F6F6, 0xF6F6F6, 0xF6F6F6, 0xF6F6F6,
    0xF6F6F6, 0xF6F6F6, 0xF6F6F6, 0xF6F6F6, 0xF6F6F6, 0xF6F6F6, 0xF6F6F6, 0xF6F6F6, 0xF6F6F6, 0xF6F6F6, 0xF6F6F6, 0xF6F6F6,
    0xF6F6F6, 0xF6F6F6, 0xF6F6F6, 0xF6F6F6, 0xF6F6F6, 0xF6F6F6, 0xF6F6F6, 0xF6F6F6, 0xF6F6F6, 0xF6F6F6, 0xF6F6F6, 0xF6F6F6,
    0xF6F6F6, 0xF6F6F6, 0xF6F6F6, 0xF6F6F6, 0xF6F6F6, 0xF6F6F6, 0xF6F6F6, 0xF6F6F6, 0xF6F6F6, 0xF6F6F6, 0xF6F6F6, 0xF6F6F6,
    0xEBEBEB, 0x101010, 0x000000, 0x000000, 0x000000, 0xE2E219, 0xFEFE12, 0xFEFE12, 0xFEFE0D, 0xB3B374, 0x989898, 0x989898,
    0x989898, 0xB6B6B6, 0xCBCBCB, 0xCBCBCB, 0xCBCBCB, 0xE0E0E0, 0xFEFEFE, 0xFEFEFE, 0xFEFEFE, 0xB3B3B3, 0x000000, 0x000000,
    0x000000, 0x000000, 0x000000, 0x000000, 0x000000, 0x242424, 0xE9E9E9, 0xFEFEFE, 0xFEFEFE, 0xFBFBFB, 0xABABAB, 0x989898,
    0x989898, 0x989898, 0x989898, 0x989898, 0x989898, 0x989898, 0xD3D34F, 0xFEFE12, 0xFEFE12, 0xFEFE12, 0xFEFE12, 0xFEFE12,
    0xFEFE12, 0xFEFE12, 0xFEFE12, 0xFEFE12, 0xFEFE12, 0xFEFE12, 0xE2E219, 0x000000, 0x000000, 0x000000, 0x101010, 0xEBEBEB,
    0xF6F6F6, 0xF6F6F6, 0xF6F6F6, 0xF6F6F6, 0xF6F6F6, 0xF6F6F6, 0xF6F6F6, 0xF6F6F6, 0xF6F6F6, 0xF6F6F6, 0xF6F6F6, 0xF6F6F6,
    0xF6F6F6, 0xF6F6F6, 0xF6F6F6, 0xF6F6F6, 0xF6F6F6, 0xF6F6F6, 0xF6F6F6, 0xF6F6F6, 0xF6F6F6, 0xF6F6F6, 0xF6F6F6, 0xF6F6F6,
    0xF6F6F6, 0xF6F6F6, 0xF6F6F6, 0xF6F6F6, 0xF6F6F6, 0xF6F6F6, 0xF6F6F6, 0xF6F6F6, 0xF6F6F6, 0xF6F6F6, 0xF6F6F6, 0xF6F6F6,
    0xF6F6F6, 0xF6F6F6, 0xF6F6F6, 0xF6F6F6, 0xEBEBEB, 0x101010, 0x000000, 0x000000, 0x000000, 0xE2E219, 0xFEFE12, 0xFEFE12,
    0xFEFE0D, 0xB3B374, 0x989898, 0x989898, 0x989898, 0xB6B6B6, 0xCBCBCB, 0xCBCBCB, 0xCBCBCB, 0xE0E0E0, 0xFEFEFE, 0xFEFEFE,
    0xFEFEFE, 0xC2C2C2, 0x343434, 0x343434, 0x353535, 0x363636, 0x373737, 0x373737, 0x353535, 0x525252, 0xEDEDED, 0xFEFEFE,
    0xFEFEFE, 0xFBFBFB, 0xABABAB, 0x989898, 0x989898, 0x989898, 0x989898, 0x989898, 0x989898, 0x989898, 0xD3D34F, 0xFEFE12,
    0xFEFE12, 0xFEFE12, 0xFEFE12, 0xFEFE12, 0xFEFE12, 0xFEFE12, 0xFEFE12, 0xFEFE12, 0xFEFE12, 0xFEFE12, 0xE2E219, 0x000000,
    0x000000, 0x000000, 0x101010, 0xEBEBEB, 0xF6F6F6, 0xF6F6F6, 0xF6F6F6, 0xF6F6F6, 0xF6F6F6, 0xF6F6F6, 0xF6F6F6, 0xF6F6F6,
    0xF6F6F6, 0xF6F6F6, 0xF6F6F6, 0xF6F6F6, 0xF6F6F6, 0xF6F6F6, 0xF6F6F6, 0xF6F6F6, 0xF6F6F6, 0xF6F6F6, 0xF6F6F6, 0xF6F6F6,
    0xF6F6F6, 0xF6F6F6, 0xF6F6F6, 0xF6F6F6, 0xF6F6F6, 0xF6F6F6, 0xF6F6F6, 0xF6F6F6, 0xF6F6F6, 0xF6F6F6, 0xF6F6F6, 0xF6F6F6,
    0xF6F6F6, 0xF6F6F6, 0xF6F6F6, 0xF6F6F6, 0xF6F6F6, 0xF6F6F6, 0xF6F6F6, 0xF6F6F6, 0xEBEBEB, 0x101010, 0x000000, 0x000000,
    0x000000, 0xE2E219, 0xFEFE12, 0xFEFE12, 0xFEFE0D, 0xB3B374, 0x989898, 0x989898, 0x989898, 0xB6B6B6, 0xCBCBCB, 0xCBCBCB,
    0xCBCBCB, 0xE0E0E0, 0xFEFEFE, 0xFEFEFE, 0xFEFEFE, 0xFDFDFD, 0xFAFAFA, 0xFAFAFA, 0xFAFAFA, 0xFAFAFA, 0xFAFAFA, 0xFAFAFA,
    0xFAFAFA, 0xFAFAFA, 0xFEFEFE, 0xFEFEFE, 0xFEFEFE, 0xFBFBFB, 0xABABAB, 0x989898, 0x989898, 0x989898, 0x989898, 0x989898,
    0x989898, 0x989898, 0xD3D34F, 0xFEFE12, 0xFEFE12, 0xFEFE12, 0xFEFE12, 0xFEFE12, 0xFEFE12, 0xFEFE12, 0xFEFE12, 0xFEFE12,
    0xFEFE12, 0xFEFE12, 0xE2E219, 0x000000, 0x000000, 0x000000, 0x101010, 0xEBEBEB, 0xF6F6F6, 0xF6F6F6, 0xF6F6F6, 0xF6F6F6,
    0xF6F6F6, 0xF6F6F6, 0xF6F6F6, 0xF6F6F6, 0xF6F6F6, 0xF6F6F6, 0xF6F6F6, 0xF6F6F6, 0xF6F6F6, 0xF6F6F6, 0xF6F6F6, 0xF6F6F6,
    0xF6F6F6, 0xF6F6F6, 0xF6F6F6, 0xF6F6F6, 0xF6F6F6, 0xF6F6F6, 0xF6F6F6, 0xF6F6F6, 0xF6F6F6, 0xF6F6F6, 0xF6F6F6, 0xF6F6F6,
    0xF6F6F6, 0xF6F6F6, 0xF6F6F6, 0xF6F6F6, 0xF6F6F6, 0xF6F6F6, 0xF6F6F6, 0xF6F6F6, 0xF6F6F6, 0xF6F6F6, 0xF6F6F6, 0xF6F6F6,
    0xEBEBEB, 0x101010, 0x000000, 0x000000, 0x000000, 0xE2E219, 0xFEFE12, 0xFEFE12, 0xFEFE0D, 0xB3B374, 0x989898, 0x989898,
    0x989898, 0xB6B6B6, 0xCBCBCB, 0xCBCBCB, 0xCBCBCB, 0xE0E0E0, 0xFEFEFE, 0xFEFEFE, 0xFEFEFE, 0xFEFEFE, 0xFEFEFE, 0xFEFEFE,
    0xFEFEFE, 0xFEFEFE, 0xFEFEFE, 0xFEFEFE, 0xFEFEFE, 0xFEFEFE, 0xFEFEFE, 0xFEFEFE, 0xFEFEFE, 0xFBFBFB, 0xABABAB, 0x989898,
    0x989898, 0x989898, 0x989898, 0x989898, 0x989898, 0x989898, 0xD3D34F, 0xFEFE12, 0xFEFE12, 0xFEFE12, 0xFEFE12, 0xFEFE12,
    0xFEFE12, 0xFEFE12, 0xFEFE12, 0xFEFE12, 0xFEFE12, 0xFEFE12, 0xE2E219, 0x000000, 0x000000, 0x000000, 0x101010, 0xEBEBEB,
    0xF6F6F6, 0xF6F6F6, 0xF6F6F6, 0xF6F6F6, 0xF6F6F6, 0xF6F6F6, 0xF6F6F6, 0xF6F6F6, 0xF6F6F6, 0xF6F6F6, 0xF6F6F6, 0xF6F6F6,
    0xF6F6F6, 0xF6F6F6, 0xF6F6F6, 0xF6F6F6, 0xF6F6F6, 0xF6F6F6, 0xF6F6F6, 0xF6F6F6, 0xF6F6F6, 0xF6F6F6, 0xF6F6F6, 0xF6F6F6,
    0xF6F6F6, 0xF6F6F6, 0xF6F6F6, 0xF6F6F6, 0xF6F6F6, 0xF6F6F6, 0xF6F6F6, 0xF6F6F6, 0xF6F6F6, 0xF6F6F6, 0xF6F6F6, 0xF6F6F6,
    0xF6F6F6, 0xF6F6F6, 0xF6F6F6, 0xF6F6F6, 0xEBEBEB, 0x101010, 0x000000, 0x000000, 0x000000, 0xE2E219, 0xFEFE12, 0xFEFE12,
    0xFEFE0D, 0xB3B374, 0x989898, 0x989898, 0x989898, 0xB6B6B6, 0xCBCBCB, 0xCBCBCB, 0xCBCBCB, 0xE0E0E0, 0xFEFEFE, 0xFEFEFE,
    0xFEFEFE, 0xFEFEFE, 0xFEFEFE, 0xFEFEFE, 0xFEFEFE, 0xFEFEFE, 0xFEFEFE, 0xFEFEFE, 0xFEFEFE, 0xFEFEFE, 0xFEFEFE, 0xFEFEFE,
    0xFEFEFE, 0xFBFBFB, 0xABABAB, 0x989898, 0x989898, 0x989898, 0x989898, 0x989898, 0x989898, 0x989898, 0xD3D34F, 0xFEFE12,
    0xFEFE12, 0xFEFE12, 0xFEFE12, 0xFEFE12, 0xFEFE12, 0xFEFE12, 0xFEFE12, 0xFEFE12, 0xFEFE12, 0xFEFE12, 0xE2E219, 0x000000,
    0x000000, 0x000000, 0x101010, 0xEBEBEB, 0xF6F6F6, 0xF6F6F6, 0xF6F6F6, 0xF6F6F6, 0xF6F6F6, 0xF6F6F6, 0xF6F6F6, 0xF6F6F6,
    0xF6F6F6, 0xF6F6F6, 0xF6F6F6, 0xF6F6F6, 0xF6F6F6, 0xF6F6F6, 0xF6F6F6, 0xF6F6F6, 0xF6F6F6, 0xF6F6F6, 0xF6F6F6, 0xF6F6F6,
    0xF6F6F6, 0xF6F6F6, 0xF6F6F6, 0xF6F6F6, 0xF6F6F6, 0xF6F6F6, 0xF6F6F6, 0xF6F6F6, 0xF6F6F6, 0xF6F6F6, 0xF6F6F6, 0xF6F6F6,
    0xF6F6F6, 0xF6F6F6, 0xF6F6F6, 0xF6F6F6, 0xF6F6F6, 0xF6F6F6, 0xF6F6F6, 0xF6F6F6, 0xEBEBEB, 0x101010, 0x000000, 0x000000,
    0x000000, 0xE2E219, 0xFEFE12, 0xFEFE12, 0xFEFE0D, 0xB6B76A, 0x9C9D8C, 0x9C9D8C, 0x9C9D8C, 0xB8B8B1, 0xCBCBCB, 0xCBCBCB,
    0xCBCBCB, 0xE0E0E0, 0xFBFBFB, 0xFBFBFB, 0xFBFBFB, 0xFBFBFB, 0xFBFBFB, 0xFBFBFB, 0xFBFBFB, 0xFBFBFB, 0xFBFBFB, 0xFBFBFB,
    0xFBFBFB, 0xFBFBFB, 0xFBFBFB, 0xFBFBFB, 0xFBFBFB, 0xF9F9F9, 0xABABAB, 0x989898, 0x989898, 0x989898, 0x9C9494, 0x9E9293,
    0x9E9293, 0x9E9293, 0xD5D14D, 0xFEFE12, 0xFEFE12, 0xFEFE12, 0xFEFE12, 0xFEFE12, 0xFEFE12, 0xFEFE12, 0xFEFE12, 0xFEFE12,
    0xFEFE12, 0xFEFE12, 0xE2E219, 0x000000, 0x000000, 0x000000, 0x101010, 0xEBEBEB, 0xF6F6F6, 0xF6F6F6, 0xF6F6F6, 0xF6F6F6,
    0xF6F6F6, 0xF6F6F6, 0xF6F6F6, 0xF6F6F6, 0xF6F6F6, 0xF6F6F6, 0xF6F6F6, 0xF6F6F6, 0xF6F6F6, 0xF6F6F6, 0xF6F6F6, 0xF6F6F6,
    0xF6F6F6, 0xF6F6F6, 0xF6F6F6, 0xF6F6F6, 0xF6F6F6, 0xF6F6F6, 0xF6F6F6, 0xF6F6F6, 0xF6F6F6, 0xF6F6F6, 0xF6F6F6, 0xF6F6F6,
    0xF6F6F6, 0xF6F6F6, 0xF6F6F6, 0xF6F6F6, 0xF6F6F6, 0xF6F6F6, 0xF6F6F6, 0xF6F6F6, 0xF6F6F6, 0xF6F6F6, 0xF6F6F6, 0xF6F6F6,
    0xEBEBEB, 0x101010, 0x000000, 0x000000, 0x000000, 0xE2E219, 0xFEFE12, 0xFEFE12, 0xFEFE12, 0xFDFD1A, 0xFDFD1C, 0xFDFD1C,
    0xFDFD17, 0xC3C364, 0x979798, 0x999999, 0x999999, 0x979797, 0x979797, 0x979797, 0x979797, 0x979797, 0x979797, 0x979797,
    0x979797, 0x979797, 0x979797, 0x979797, 0x979797, 0x979797, 0x979797, 0x979797, 0x979797, 0x979797, 0x989898, 0x989898,
    0x989898, 0x999898, 0xBE5251, 0xCA3534, 0xCA3534, 0xCA3434, 0xE7A823, 0xFEFE12, 0xFEFE12, 0xFEFE12, 0xFEFE12, 0xFEFE12,
    0xFEFE12, 0xFEFE12, 0xFEFE12, 0xFEFE12, 0xFEFE12, 0xFEFE12, 0xE2E219, 0x000000, 0x000000, 0x000000, 0x101010, 0xEBEBEB,
    0xF6F6F6, 0xF6F6F6, 0xF6F6F6, 0xF6F6F6, 0xF6F6F6, 0xF6F6F6, 0xF6F6F6, 0xF6F6F6, 0xF6F6F6, 0xF6F6F6, 0xF6F6F6, 0xF6F6F6,
    0xF6F6F6, 0xF6F6F6, 0xF6F6F6, 0xF6F6F6, 0xF6F6F6, 0xF6F6F6, 0xF6F6F6, 0xF6F6F6, 0xF6F6F6, 0xF6F6F6, 0xF6F6F6, 0xF6F6F6,
    0xF6F6F6, 0xF6F6F6, 0xF6F6F6, 0xF6F6F6, 0xF6F6F6, 0xF6F6F6, 0xF6F6F6, 0xF6F6F6, 0xF6F6F6, 0xF6F6F6, 0xF6F6F6, 0xF6F6F6,
    0xF6F6F6, 0xF6F6F6, 0xF6F6F6, 0xF6F6F6, 0xEBEBEB, 0x101010, 0x000000, 0x000000, 0x000000, 0xE2E219, 0xFEFE12, 0xFEFE12,
    0xFEFE12, 0xFEFE12, 0xFEFE12, 0xFEFE12, 0xFEFE0D, 0xC3C361, 0x989898, 0x989898, 0x989898, 0x989898, 0x989898, 0x989898,
    0x989898, 0x989898, 0x989898, 0x989898, 0x989898, 0x989898, 0x989898, 0x989898, 0x989898, 0x989898, 0x989898, 0x989898,
    0x989898, 0x989898, 0x989898, 0x989898, 0x989898, 0x999898, 0xBE5150, 0xCB3332, 0xCB3332, 0xCB3232, 0xE7A822, 0xFEFE12,
    0xFEFE12, 0xFEFE12, 0xFEFE12, 0xFEFE12, 0xFEFE12, 0xFEFE12, 0xFEFE12, 0xFEFE12, 0xFEFE12, 0xFEFE12, 0xE2E219, 0x000000,
    0x000000, 0x000000, 0x101010, 0xEBEBEB, 0xF6F6F6, 0xF6F6F6, 0xF6F6F6, 0xF6F6F6, 0xF6F6F6, 0xF6F6F6, 0xF6F6F6, 0xF6F6F6,
    0xF6F6F6, 0xF6F6F6, 0xF6F6F6, 0xF6F6F6, 0xF6F6F6, 0xF6F6F6, 0xF6F6F6, 0xF6F6F6, 0xF6F6F6, 0xF6F6F6, 0xF6F6F6, 0xF6F6F6,
    0xF6F6F6, 0xF6F6F6, 0xF6F6F6, 0xF6F6F6, 0xF6F6F6, 0xF6F6F6, 0xF6F6F6, 0xF6F6F6, 0xF6F6F6, 0xF6F6F6, 0xF6F6F6, 0xF6F6F6,
    0xF6F6F6, 0xF6F6F6, 0xF6F6F6, 0xF6F6F6, 0xF6F6F6, 0xF6F6F6, 0xF6F6F6, 0xF6F6F6, 0xEBEBEB, 0x101010, 0x000000, 0x000000,
    0x000000, 0xE2E219, 0xFEFE12, 0xFEFE12, 0xFEFE12, 0xFEFE12, 0xFEFE12, 0xFEFE12, 0xFEFE0D, 0xC3C361, 0x989898, 0x989898,
    0x989898, 0x989898, 0x989898, 0x989898, 0x989898, 0x989898, 0x989898, 0x989898, 0x989898, 0x989898, 0x989898, 0x989898,
    0x989898, 0x989898, 0x989898, 0x989898, 0x989898, 0x989898, 0x989898, 0x989898, 0x989898, 0x999898, 0xBE5150, 0xCB3332,
    0xCB3332, 0xCB3232, 0xE7A822, 0xFEFE12, 0xFEFE12, 0xFEFE12, 0xFEFE12, 0xFEFE12, 0xFEFE12, 0xFEFE12, 0xFEFE12, 0xFEFE12,
    0xFEFE12, 0xFEFE12, 0xE2E219, 0x000000, 0x000000, 0x000000, 0x101010, 0xEBEBEB, 0xF6F6F6, 0xF6F6F6, 0xF6F6F6, 0xF6F6F6,
    0xF6F6F6, 0xF6F6F6, 0xF6F6F6, 0xF6F6F6, 0xF6F6F6, 0xF6F6F6, 0xF6F6F6, 0xF6F6F6, 0xF6F6F6, 0xF6F6F6, 0xF6F6F6, 0xF6F6F6,
    0xF6F6F6, 0xF6F6F6, 0xF6F6F6, 0xF6F6F6, 0xF6F6F6, 0xF6F6F6, 0xF6F6F6, 0xF6F6F6, 0xF6F6F6, 0xF6F6F6, 0xF6F6F6, 0xF6F6F6,
    0xF6F6F6, 0xF6F6F6, 0xF6F6F6, 0xF6F6F6, 0xF6F6F6, 0xF6F6F6, 0xF6F6F6, 0xF6F6F6, 0xF6F6F6, 0xF6F6F6, 0xF6F6F6, 0xF6F6F6,
    0xEBEBEB, 0x101010, 0x000000, 0x000000, 0x000000, 0xE2E219, 0xFEFE12, 0xFEFE12, 0xFEFE12, 0xFEFE12, 0xFEFE12, 0xFEFE12,
    0xFEFE0D, 0xC3C35F, 0x969693, 0x969693, 0x969693, 0x969693, 0x969693, 0x969693, 0x969693, 0x969693, 0x969693, 0x969693,
    0x969693, 0x989794, 0x9C9898, 0x9C9898, 0x9C9898, 0x9C9898, 0x9C9898, 0x9C9898, 0x9C9898, 0x9C9898, 0x9C9898, 0x9C9898,
    0x9C9898, 0x9C9898, 0xBE5150, 0xCB3332, 0xCB3332, 0xCB3232, 0xE7A822, 0xFEFE12, 0xFEFE12, 0xFEFE12, 0xFEFE12, 0xFEFE12,
    0xFEFE12, 0xFEFE12, 0xFEFE12, 0xFEFE12, 0xFEFE12, 0xFEFE12, 0xE2E219, 0x000000, 0x000000, 0x000000, 0x101010, 0xEBEBEB,
    0xF6F6F6, 0xF6F6F6, 0xF6F6F6, 0xF6F6F6, 0xF6F6F6, 0xF6F6F6, 0xF6F6F6, 0xF6F6F6, 0xF6F6F6, 0xF6F6F6, 0xF6F6F6, 0xF6F6F6,
    0xF6F6F6, 0xF6F6F6, 0xF6F6F6, 0xF6F6F6, 0xF6F6F6, 0xF6F6F6, 0xF6F6F6, 0xF6F6F6, 0xF6F6F6, 0xF6F6F6, 0xF6F6F6, 0xF6F6F6,
    0xF6F6F6, 0xF6F6F6, 0xF6F6F6, 0xF6F6F6, 0xF6F6F6, 0xF6F6F6, 0xF6F6F6, 0xF6F6F6, 0xF6F6F6, 0xF6F6F6, 0xF6F6F6, 0xF6F6F6,
    0xF6F6F6, 0xF6F6F6, 0xF6F6F6, 0xF6F6F6, 0xEBEBEB, 0x101010, 0x000000, 0x000000, 0x000000, 0xE2E219, 0xFEFE12, 0xFEFE12,
    0xFEFE12, 0xFEFE12, 0xFEFE12, 0xFEFE12, 0xFEFE12, 0xFCFC1B, 0xF9F921, 0xF9F921, 0xF9F921, 0xF9F921, 0xF9F921, 0xF9F921,
    0xF9F921, 0xF9F921, 0xF9F921, 0xF9F921, 0xF9F920, 0xF0D825, 0xC64138, 0xC43939, 0xC43939, 0xC43939, 0xC43939, 0xC43939,
    0xC43939, 0xC53939, 0xDE4457, 0xE74961, 0xE74961, 0xE74961, 0xED455E, 0xEF435D, 0xEF435D, 0xEF415D, 0xF3AA31, 0xFEFE12,
    0xFEFE12, 0xFEFE12, 0xFEFE12, 0xFEFE12, 0xFEFE12, 0xFEFE12, 0xFEFE12, 0xFEFE12, 0xFEFE12, 0xFEFE12, 0xE2E219, 0x000000,
    0x000000, 0x000000, 0x101010, 0xEBEBEB, 0xF6F6F6, 0xF6F6F6, 0xF6F6F6, 0xF6F6F6, 0xF6F6F6, 0xF6F6F6, 0xF6F6F6, 0xF6F6F6,
    0xF6F6F6, 0xF6F6F6, 0xF6F6F6, 0xF6F6F6, 0xF6F6F6, 0xF6F6F6, 0xF6F6F6, 0xF6F6F6, 0xF6F6F6, 0xF6F6F6, 0xF6F6F6, 0xF6F6F6,
    0xF6F6F6, 0xF6F6F6, 0xF6F6F6, 0xF6F6F6, 0xF6F6F6, 0xF6F6F6, 0xF6F6F6, 0xF6F6F6, 0xF6F6F6, 0xF6F6F6, 0xF6F6F6, 0xF6F6F6,
    0xF6F6F6, 0xF6F6F6, 0xF6F6F6, 0xF6F6F6, 0xF6F6F6, 0xF6F6F6, 0xF6F6F6, 0xF6F6F6, 0xEBEBEB, 0x101010, 0x000000, 0x000000,
    0x000000, 0xE2E219, 0xFEFE12, 0xFEFE12, 0xFEFE12, 0xFEFE12, 0xFEFE12, 0xFEFE12, 0xFEFE12, 0xFEFE12, 0xFEFE12, 0xFEFE12,
    0xFEFE12, 0xFEFE12, 0xFEFE12, 0xFEFE12, 0xFEFE12, 0xFEFE12, 0xFEFE12, 0xFEFE12, 0xFEFE12, 0xF3D819, 0xCC3A31, 0xCB3332,
    0xCB3332, 0xCB3332, 0xCB3332, 0xCB3332, 0xCB3332, 0xCE3435, 0xEA4056, 0xEF435D, 0xEF435D, 0xEF435D, 0xEF435D, 0xEF435D,
    0xEF435D, 0xEF415D, 0xF3AA31, 0xFEFE12, 0xFEFE12, 0xFEFE12, 0xFEFE12, 0xFEFE12, 0xFEFE12, 0xFEFE12, 0xFEFE12, 0xFEFE12,
    0xFEFE12, 0xFEFE12, 0xE2E219, 0x000000, 0x000000, 0x000000, 0x101010, 0xEBEBEB, 0xF6F6F6, 0xF6F6F6, 0xF6F6F6, 0xF6F6F6,
    0xF6F6F6, 0xF6F6F6, 0xF6F6F6, 0xF6F6F6, 0xF6F6F6, 0xF6F6F6, 0xF6F6F6, 0xF6F6F6, 0xF6F6F6, 0xF6F6F6, 0xF6F6F6, 0xF6F6F6,
    0xF6F6F6, 0xF6F6F6, 0xF6F6F6, 0xF6F6F6, 0xF6F6F6, 0xF6F6F6, 0xF6F6F6, 0xF6F6F6, 0xF6F6F6, 0xF6F6F6, 0xF6F6F6, 0xF6F6F6,
    0xF6F6F6, 0xF6F6F6, 0xF6F6F6, 0xF6F6F6, 0xF6F6F6, 0xF6F6F6, 0xF6F6F6, 0xF6F6F6, 0xF6F6F6, 0xF6F6F6, 0xF6F6F6, 0xF6F6F6,
    0xEBEBEB, 0x101010, 0x000000, 0x000000, 0x000000, 0xE2E219, 0xFEFE12, 0xFEFE12, 0xFEFE12, 0xFEFE12, 0xFEFE12, 0xFEFE12,
    0xFEFE12, 0xFEFE12, 0xFEFE12, 0xFEFE12, 0xFEFE12, 0xFEFE12, 0xFEFE12, 0xFEFE12, 0xFEFE12, 0xFEFE12, 0xFEFE12, 0xFEFE12,
    0xFEFE12, 0xF3D819, 0xCC3A31, 0xCB3332, 0xCB3332, 0xCB3332, 0xCB3332, 0xCB3332, 0xCB3332, 0xCE3435, 0xEA4056, 0xEF435D,
    0xEF435D, 0xEF435D, 0xEF435D, 0xEF435D, 0xEF435D, 0xEF415D, 0xF3AA31, 0xFEFE12, 0xFEFE12, 0xFEFE12, 0xFEFE12, 0xFEFE12,
    0xFEFE12, 0xFEFE12, 0xFEFE12, 0xFEFE12, 0xFEFE12, 0xFEFE12, 0xE2E219, 0x000000, 0x000000, 0x000000, 0x101010, 0xEBEBEB,
    0xF6F6F6, 0xF6F6F6, 0xF6F6F6, 0xF6F6F6, 0xF6F6F6, 0xF6F6F6, 0xF6F6F6, 0xF6F6F6, 0xF6F6F6, 0xF6F6F6, 0xF6F6F6, 0xF6F6F6,
    0xF6F6F6, 0xF6F6F6, 0xF6F6F6, 0xF6F6F6, 0xF6F6F6, 0xF6F6F6, 0xF6F6F6, 0xF6F6F6, 0xF6F6F6, 0xF6F6F6, 0xF6F6F6, 0xF6F6F6,
    0xF6F6F6, 0xF6F6F6, 0xF6F6F6, 0xF6F6F6, 0xF6F6F6, 0xF6F6F6, 0xF6F6F6, 0xF6F6F6, 0xF6F6F6, 0xF6F6F6, 0xF6F6F6, 0xF6F6F6,
    0xF6F6F6, 0xF6F6F6, 0xF6F6F6, 0xF6F6F6, 0xEBEBEB, 0x101010, 0x000000, 0x000000, 0x000000, 0xE2E219, 0xFEFE12, 0xFEFE12,
    0xFEFE12, 0xFEFE12, 0xFEFE12, 0xFEFE12, 0xFEFE12, 0xFEFE12, 0xFEFE12, 0xFEFE12, 0xFEFE12, 0xFEFE12, 0xFEFE12, 0xFEFE12,
    0xFEFE12, 0xFEFE12, 0xFEFE12, 0xFEFE12, 0xFEFE12, 0xF3D919, 0xCC3B31, 0xCB3132, 0xCB3132, 0xCB3132, 0xCB3232, 0xCB3332,
    0xCB3332, 0xCE3435, 0xE94056, 0xEF435D, 0xEF435D, 0xEF435D, 0xEF435D, 0xEF435D, 0xEF435D, 0xEE415D, 0xF3AA30, 0xFEFE12,
    0xFEFE12, 0xFEFE12, 0xFEFE12, 0xFEFE12, 0xFEFE12, 0xFEFE12, 0xFEFE12, 0xFEFE12, 0xFEFE12, 0xFEFE12, 0xE2E219, 0x000000,
    0x000000, 0x000000, 0x101010, 0xEBEBEB, 0xF6F6F6, 0xF6F6F6, 0xF6F6F6, 0xF6F6F6, 0xF6F6F6, 0xF6F6F6, 0xF6F6F6, 0xF6F6F6,
    0xF6F6F6, 0xF6F6F6, 0xF6F6F6, 0xF6F6F6, 0xF6F6F6, 0xF6F6F6, 0xF6F6F6, 0xF6F6F6, 0xF6F6F6, 0xF6F6F6, 0xF6F6F6, 0xF6F6F6,
    0xF6F6F6, 0xF6F6F6, 0xF6F6F6, 0xF6F6F6, 0xF6F6F6, 0xF6F6F6, 0xF6F6F6, 0xF6F6F6, 0xF6F6F6, 0xF6F6F6, 0xF6F6F6, 0xF6F6F6,
    0xF6F6F6, 0xF6F6F6, 0xF6F6F6, 0xF6F6F6, 0xF6F6F6, 0xF6F6F6, 0xF6F6F6, 0xF6F6F6, 0xEBEBEB, 0x101010, 0x000000, 0x000000,
    0x000000, 0xE2E219, 0xFEFE12, 0xFEFE12, 0xFEFE12, 0xFEFE12, 0xFEFE12, 0xFEFE12, 0xFEFE12, 0xFEFE12, 0xFEFE12, 0xFEFE12,
    0xFEFE12, 0xFEFE12, 0xFEFE12, 0xFEFE12, 0xFEFE12, 0xFEFE12, 0xFEFE12, 0xFEFE12, 0xFEFE12, 0xFCF814, 0xF3E11C, 0xF3E01D,
    0xF3E01D, 0xEECF1F, 0xCE4530, 0xCB3332, 0xCB3332, 0xCB3332, 0xD03538, 0xD1363A, 0xD1363A, 0xD1363A, 0xD1363A, 0xD1363A,
    0xD1363A, 0xD1343A, 0xE9A725, 0xFEFE12, 0xFEFE12, 0xFEFE12, 0xFEFE12, 0xFEFE12, 0xFEFE12, 0xFEFE12, 0xFEFE12, 0xFEFE12,
    0xFEFE12, 0xFEFE12, 0xE2E219, 0x000000, 0x000000, 0x000000, 0x101010, 0xEBEBEB, 0xF6F6F6, 0xF6F6F6, 0xF6F6F6, 0xF6F6F6,
    0xF6F6F6, 0xF6F6F6, 0xF6F6F6, 0xF6F6F6, 0xF6F6F6, 0xF6F6F6, 0xF6F6F6, 0xF6F6F6, 0xF6F6F6, 0xF6F6F6, 0xF6F6F6, 0xF6F6F6,
    0xF6F6F6, 0xF6F6F6, 0xF6F6F6, 0xF6F6F6, 0xF6F6F6, 0xF6F6F6, 0xF6F6F6, 0xF6F6F6, 0xF6F6F6, 0xF6F6F6, 0xF6F6F6, 0xF6F6F6,
    0xF6F6F6, 0xF6F6F6, 0xF6F6F6, 0xF6F6F6, 0xF6F6F6, 0xF6F6F6, 0xF6F6F6, 0xF6F6F6, 0xF6F6F6, 0xF6F6F6, 0xF6F6F6, 0xF6F6F6,
    0xEBEBEB, 0x101010, 0x000000, 0x000000, 0x000000, 0xE2E219, 0xFEFE12, 0xFEFE12, 0xFEFE12, 0xFEFE12, 0xFEFE12, 0xFEFE12,
    0xFEFE12, 0xFEFE12, 0xFEFE12, 0xFEFE12, 0xFEFE12, 0xFEFE12, 0xFEFE12, 0xFEFE12, 0xFEFE12, 0xFEFE12, 0xFEFE12, 0xFEFE12,
    0xFEFE12, 0xFEFE12, 0xFEFE12, 0xFEFE12, 0xFEFE12, 0xF7EA16, 0xCF492F, 0xCB3332, 0xCB3332, 0xCB3332, 0xCB3332, 0xCB3332,
    0xCB3332, 0xCB3332, 0xCB3332, 0xCB3332, 0xCB3332, 0xCB3232, 0xE7A822, 0xFEFE12, 0xFEFE12, 0xFEFE12, 0xFEFE12, 0xFEFE12,
    0xFEFE12, 0xFEFE12, 0xFEFE12, 0xFEFE12, 0xFEFE12, 0xFEFE12, 0xE2E219, 0x000000, 0x000000, 0x000000, 0x101010, 0xEBEBEB,
    0xF6F6F6, 0xF6F6F6, 0xF6F6F6, 0xF6F6F6, 0xF6F6F6, 0xF6F6F6, 0xF6F6F6, 0xF6F6F6, 0xF6F6F6, 0xF6F6F6, 0xF6F6F6, 0xF6F6F6,
    0xF6F6F6, 0xF6F6F6, 0xF6F6F6, 0xF6F6F6, 0xF6F6F6, 0xF6F6F6, 0xF6F6F6, 0xF6F6F6, 0xF6F6F6, 0xF6F6F6, 0xF6F6F6, 0xF6F6F6,
    0xF6F6F6, 0xF6F6F6, 0xF6F6F6, 0xF6F6F6, 0xF6F6F6, 0xF6F6F6, 0xF6F6F6, 0xF6F6F6, 0xF6F6F6, 0xF6F6F6, 0xF6F6F6, 0xF6F6F6,
    0xF6F6F6, 0xF6F6F6, 0xF6F6F6, 0xF6F6F6, 0xEBEBEB, 0x101010, 0x000000, 0x000000, 0x000000, 0xE2E219, 0xFEFE12, 0xFEFE12,
    0xFEFE12, 0xFEFE12, 0xFEFE12, 0xFEFE12, 0xFEFE12, 0xFEFE12, 0xFEFE12, 0xFEFE12, 0xFEFE12, 0xFEFE12, 0xFEFE12, 0xFEFE12,
    0xFEFE12, 0xFEFE12, 0xFEFE12, 0xFEFE12, 0xFEFE12, 0xFEFE12, 0xFEFE12, 0xFEFE12, 0xFEFE12, 0xF7EA16, 0xCF492F, 0xCB3332,
    0xCB3332, 0xCB3332, 0xCB3332, 0xCB3332, 0xCB3332, 0xCB3332, 0xCB3332, 0xCB3332, 0xCB3332, 0xCB3232, 0xE7A822, 0xFEFE12,
    0xFEFE12, 0xFEFE12, 0xFEFE12, 0xFEFE12, 0xFEFE12, 0xFEFE12, 0xFEFE12, 0xFEFE12, 0xFEFE12, 0xFEFE12, 0xE2E219, 0x000000,
    0x000000, 0x000000, 0x101010, 0xEBEBEB, 0xF6F6F6, 0xF6F6F6, 0xF6F6F6, 0xF6F6F6, 0xF6F6F6, 0xF6F6F6, 0xF6F6F6, 0xF6F6F6,
    0xF6F6F6, 0xF6F6F6, 0xF6F6F6, 0xF6F6F6, 0xF6F6F6, 0xF6F6F6, 0xF6F6F6, 0xF6F6F6, 0xF6F6F6, 0xF6F6F6, 0xF6F6F6, 0xF6F6F6,
    0xF6F6F6, 0xF6F6F6, 0xF6F6F6, 0xF6F6F6, 0xF6F6F6, 0xF6F6F6, 0xF6F6F6, 0xF6F6F6, 0xF6F6F6, 0xF6F6F6, 0xF6F6F6, 0xF6F6F6,
    0xF6F6F6, 0xF6F6F6, 0xF6F6F6, 0xF6F6F6, 0xF6F6F6, 0xF6F6F6, 0xF6F6F6, 0xF6F6F6, 0xEBEBEB, 0x101010, 0x000000, 0x000000,
    0x000000, 0xE0E114, 0xFDFD0D, 0xFDFD0D, 0xFDFD0D, 0xFEFE12, 0xFEFE12, 0xFEFE12, 0xFEFE12, 0xFEFE12, 0xFEFE12, 0xFEFE12,
    0xFEFE12, 0xFEFE12, 0xFEFE12, 0xFEFE12, 0xFEFE12, 0xFEFE12, 0xFEFE12, 0xFEFE12, 0xFEFE12, 0xFEFE12, 0xFEFE12, 0xFEFE12,
    0xFEFE12, 0xF8EB16, 0xD04A2F, 0xCB3232, 0xCB3232, 0xCB3232, 0xCB3232, 0xCB3232, 0xCB3232, 0xCB3232, 0xCB3232, 0xCB3232,
    0xCB3232, 0xCB3132, 0xE7A922, 0xFEFE12, 0xFEFE12, 0xFEFE12, 0xFDFE0E, 0xFDFD0D, 0xFDFD0D, 0xFDFD0D, 0xFDFD0D, 0xFDFD0D,
    0xFDFD0D, 0xFDFD0D, 0xE0E114, 0x000000, 0x000000, 0x000000, 0x101010, 0xEBEBEB, 0xF6F6F6, 0xF6F6F6, 0xF6F6F6, 0xF6F6F6,
    0xF6F6F6, 0xF6F6F6, 0xF6F6F6, 0xF6F6F6, 0xF6F6F6, 0xF6F6F6, 0xF6F6F6, 0xF6F6F6, 0xF6F6F6, 0xF6F6F6, 0xF6F6F6, 0xF6F6F6,
    0xF6F6F6, 0xF6F6F6, 0xF6F6F6, 0xF6F6F6, 0xF6F6F6, 0xF6F6F6, 0xF6F6F6, 0xF6F6F6, 0xF6F6F6, 0xF6F6F6, 0xF6F6F6, 0xF6F6F6,
    0xF6F6F6, 0xF6F6F6, 0xF6F6F6, 0xF6F6F6, 0xF6F6F6, 0xF6F6F6, 0xF6F6F6, 0xF6F6F6, 0xF6F6F6, 0xF6F6F6, 0xF6F6F6, 0xF6F6F6,
    0xEBEBEB, 0x101010, 0x000000, 0x000000, 0x000000, 0x627CA6, 0x6C89BA, 0x6C89BA, 0x6787BC, 0xD9E241, 0xFEFE12, 0xFEFE12,
    0xFEFE12, 0xFEFE12, 0xFEFE12, 0xFEFE12, 0xFEFE12, 0xFEFE12, 0xFEFE12, 0xFEFE12, 0xFEFE12, 0xFEFE12, 0xFEFE12, 0xFEFE12,
    0xFEFE12, 0xFEFE12, 0xFEFE12, 0xFEFE12, 0xFEFE12, 0xFCF914, 0xEED01C, 0xECC91D, 0xECC91D, 0xECC91D, 0xECC91D, 0xECC91D,
    0xECC91D, 0xECC91D, 0xECC91D, 0xECC91D, 0xECC91D, 0xECC91D, 0xF6E818, 0xFEFE12, 0xFEFE12, 0xFEFE11, 0xC4D057, 0x6787BC,
    0x6C89BA, 0x6C89BA, 0x6C89BA, 0x6C89BA, 0x6C89BA, 0x6C89BA, 0x627CA6, 0x000000, 0x000000, 0x000000, 0x101010, 0xEBEBEB,
    0xF6F6F6, 0xF6F6F6, 0xF6F6F6, 0xF6F6F6, 0xF6F6F6, 0xF6F6F6, 0xF6F6F6, 0xF6F6F6, 0xF6F6F6, 0xF6F6F6, 0xF6F6F6, 0xF6F6F6,
    0xF6F6F6, 0xF6F6F6, 0xF6F6F6, 0xF6F6F6, 0xF6F6F6, 0xF6F6F6, 0xF6F6F6, 0xF6F6F6, 0xF6F6F6, 0xF6F6F6, 0xF6F6F6, 0xF6F6F6,
    0xF6F6F6, 0xF6F6F6, 0xF6F6F6, 0xF6F6F6, 0xF6F6F6, 0xF6F6F6, 0xF6F6F6, 0xF6F6F6, 0xF6F6F6, 0xF6F6F6, 0xF6F6F6, 0xF6F6F6,
    0xF6F6F6, 0xF6F6F6, 0xF6F6F6, 0xF6F6F6, 0xEBEBEB, 0x101010, 0x000000, 0x000000, 0x000000, 0x3455DA, 0x385FF8, 0x385FF8,
    0x325BF9, 0xCCD74E, 0xFEFE11, 0xFEFE12, 0xFEFE12, 0xFEFE12, 0xFEFE12, 0xFEFE12, 0xFEFE12, 0xFEFE12, 0xFEFE12, 0xFEFE12,
    0xFEFE12, 0xFEFE12, 0xFEFE12, 0xFEFE12, 0xFEFE12, 0xFEFE12, 0xFEFE12, 0xFEFE12, 0xFEFE12, 0xFEFE12, 0xFEFE12, 0xFEFE12,
    0xFEFE12, 0xFEFE12, 0xFEFE12, 0xFEFE12, 0xFEFE12, 0xFEFE12, 0xFEFE12, 0xFEFE12, 0xFEFE12, 0xFEFE12, 0xFEFE12, 0xFEFE12,
    0xFEFE12, 0xFEFE11, 0xAFBE71, 0x335CF9, 0x385FF8, 0x385FF8, 0x385FF8, 0x385FF8, 0x385FF8, 0x385FF8, 0x3455DA, 0x000000,
    0x000000, 0x000000, 0x101010, 0xEBEBEB, 0xF6F6F6, 0xF6F6F6, 0xF6F6F6, 0xF6F6F6, 0xF6F6F6, 0xF6F6F6, 0xF6F6F6, 0xF6F6F6,
    0xF6F6F6, 0xF6F6F6, 0xF6F6F6, 0xF6F6F6, 0xF6F6F6, 0xF6F6F6, 0xF6F6F6, 0xF6F6F6, 0xF6F6F6, 0xF6F6F6, 0xF6F6F6, 0xF6F6F6,
    0xF6F6F6, 0xF6F6F6, 0xF6F6F6, 0xF6F6F6, 0xF6F6F6, 0xF6F6F6, 0xF6F6F6, 0xF6F6F6, 0xF6F6F6, 0xF6F6F6, 0xF6F6F6, 0xF6F6F6,
    0xF6F6F6, 0xF6F6F6, 0xF6F6F6, 0xF6F6F6, 0xF6F6F6, 0xF6F6F6, 0xF6F6F6, 0xF6F6F6, 0xEBEBEB, 0x101010, 0x000000, 0x000000,
    0x000000, 0x3455DA, 0x385FF8, 0x385FF8, 0x325BF9, 0xCCD74E, 0xFEFE11, 0xFEFE12, 0xFEFE12, 0xFEFE12, 0xFEFE12, 0xFEFE12,
    0xFEFE12, 0xFEFE12, 0xFEFE12, 0xFEFE12, 0xFEFE12, 0xFEFE12, 0xFEFE12, 0xFEFE12, 0xFEFE12, 0xFEFE12, 0xFEFE12, 0xFEFE12,
    0xFEFE12, 0xFEFE12, 0xFEFE12, 0xFEFE12, 0xFEFE12, 0xFEFE12, 0xFEFE12, 0xFEFE12, 0xFEFE12, 0xFEFE12, 0xFEFE12, 0xFEFE12,
    0xFEFE12, 0xFEFE12, 0xFEFE12, 0xFEFE12, 0xFEFE12, 0xFEFE11, 0xAFBE71, 0x335CF9, 0x385FF8, 0x385FF8, 0x385FF8, 0x385FF8,
    0x385FF8, 0x385FF8, 0x3455DA, 0x000000, 0x000000, 0x000000, 0x101010, 0xEBEBEB, 0xF6F6F6, 0xF6F6F6, 0xF6F6F6, 0xF6F6F6,
    0xF6F6F6, 0xF6F6F6, 0xF6F6F6, 0xF6F6F6, 0xF6F6F6, 0xF6F6F6, 0xF6F6F6, 0xF6F6F6, 0xF6F6F6, 0xF6F6F6, 0xF6F6F6, 0xF6F6F6,
    0xF6F6F6, 0xF6F6F6, 0xF6F6F6, 0xF6F6F6, 0xF6F6F6, 0xF6F6F6, 0xF6F6F6, 0xF6F6F6, 0xF6F6F6, 0xF6F6F6, 0xF6F6F6, 0xF6F6F6,
    0xF6F6F6, 0xF6F6F6, 0xF6F6F6, 0xF6F6F6, 0xF6F6F6, 0xF6F6F6, 0xF6F6F6, 0xF6F6F6, 0xF6F6F6, 0xF6F6F6, 0xF6F6F6, 0xF6F6F6,
    0xEBEBEB, 0x101011, 0x000001, 0x000001, 0x000000, 0x3455DA, 0x385FF8, 0x385FF8, 0x325BF9, 0xCCD74D, 0xFEFE0C, 0xFEFE0D,
    0xFEFE0D, 0xFEFE0D, 0xFEFE0D, 0xFEFE0D, 0xFEFE0D, 0xFEFE0E, 0xFEFE12, 0xFEFE12, 0xFEFE12, 0xFEFE12, 0xFEFE12, 0xFEFE12,
    0xFEFE12, 0xFEFE12, 0xFEFE12, 0xFEFE12, 0xFEFE12, 0xFEFE12, 0xFEFE12, 0xFEFE12, 0xFEFE12, 0xFEFE12, 0xFEFE0E, 0xFEFE0D,
    0xFEFE0D, 0xFEFE0D, 0xFEFE0D, 0xFEFE0D, 0xFEFE0D, 0xFEFE0D, 0xFEFE0D, 0xFEFE0D, 0xFEFE0D, 0xFEFE0C, 0xAFBE72, 0x325BF7,
    0x385FF6, 0x385FF6, 0x385FF6, 0x385FF6, 0x385FF6, 0x385FF6, 0x3355D9, 0x000000, 0x000001, 0x000001, 0x101011, 0xEBEBEB,
    0xF6F6F6, 0xF6F6F6, 0xF6F6F6, 0xF6F6F6, 0xF6F6F6, 0xF6F6F6, 0xF6F6F6, 0xF6F6F6, 0xF6F6F6, 0xF6F6F6, 0xF6F6F6, 0xF6F6F6,
    0xF6F6F6, 0xF6F6F6, 0xF6F6F6, 0xF6F6F6, 0xF6F6F6, 0xF6F6F6, 0xF6F6F6, 0xF6F6F6, 0xF6F6F6, 0xF6F6F6, 0xF6F6F6, 0xF6F6F6,
    0xF6F6F6, 0xF6F6F6, 0xF6F6F6, 0xF6F6F6, 0xF6F6F6, 0xF6F6F6, 0xF6F6F6, 0xF6F6F6, 0xF6F6F6, 0xF6F6F6, 0xF6F6F6, 0xF6F6F6,
    0xE1E1E1, 0x646464, 0x606060, 0x606060, 0x6E6E5E, 0x999A1F, 0x9C9C18, 0x9C9C18, 0x9B9C18, 0x4567DD, 0x385FF8, 0x385FF8,
    0x365EF8, 0x6987B8, 0x7C97A6, 0x7C97A6, 0x7C97A6, 0x7C97A6, 0x7C97A6, 0x7C97A6, 0x7C96A5, 0xB6C25F, 0xFEFE10, 0xFEFE12,
    0xFEFE12, 0xFEFE12, 0xFEFE12, 0xFEFE12, 0xFEFE12, 0xFEFE12, 0xFEFE12, 0xFEFE12, 0xFEFE12, 0xFEFE12, 0xFEFE12, 0xFEFE12,
    0xFEFE12, 0xFAFB15, 0x96AC8F, 0x7C97A6, 0x7C97A6, 0x7C97A6, 0x7C97A6, 0x7C97A6, 0x7C97A6, 0x7C97A6, 0x7C97A6, 0x7C97A6,
    0x7C97A6, 0x7C96A6, 0x98AA90, 0xB3C068, 0xB4C26C, 0xB4C26C, 0xB4C26C, 0xB4C26C, 0xB4C26C, 0xB4C26C, 0xB1BE62, 0x9C9C16,
    0x9C9C18, 0x9C9C18, 0x999A1F, 0x6E6E5E, 0x606060, 0x606060, 0x646464, 0xE1E1E1, 0xF6F6F6, 0xF6F6F6, 0xF6F6F6, 0xF6F6F6,
    0xF6F6F6, 0xF6F6F6, 0xF6F6F6, 0xF6F6F6, 0xF6F6F6, 0xF6F6F6, 0xF6F6F6, 0xF6F6F6, 0xF6F6F6, 0xF6F6F6, 0xF6F6F6, 0xF6F6F6,
    0xF6F6F6, 0xF6F6F6, 0xF6F6F6, 0xF6F6F6, 0xF6F6F6, 0xF6F6F6, 0xF6F6F6, 0xF6F6F6, 0xF6F6F6, 0xF6F6F6, 0xF6F6F6, 0xF6F6F6,
    0xF6F6F6, 0xF6F6F6, 0xF6F6F6, 0xF6F6F6, 0xD6D6D6, 0x060606, 0x000000, 0x000000, 0x20200A, 0xF1F113, 0xFEFE12, 0xFEFE12,
    0xFEFE10, 0x5072DC, 0x385FF8, 0x385FF8, 0x385FF8, 0x385FF8, 0x385FF8, 0x385FF8, 0x385FF8, 0x385FF8, 0x385FF8, 0x385FF8,
    0x375EF9, 0x8EA38E, 0xFEFE10, 0xFEFE12, 0xFEFE12, 0xFEFE12, 0xFEFE12, 0xFEFE12, 0xFEFE12, 0xFEFE12, 0xFEFE12, 0xFEFE12,
    0xFEFE12, 0xFEFE12, 0xFEFE12, 0xFEFE12, 0xFEFE12, 0xF8F915, 0x597CCE, 0x385FF8, 0x385FF8, 0x385FF8, 0x385FF8, 0x385FF8,
    0x385FF8, 0x385FF8, 0x385FF8, 0x385FF8, 0x385FF8, 0x365EF8, 0x89A19C, 0xFEFE0A, 0xFEFE11, 0xFEFE12, 0xFEFE12, 0xFEFE12,
    0xFEFE12, 0xFEFE12, 0xFEFE12, 0xFEFE12, 0xFEFE12, 0xFEFE12, 0xF1F113, 0x20200A, 0x000000, 0x000000, 0x060606, 0xD6D6D6,
    0xF6F6F6, 0xF6F6F6, 0xF6F6F6, 0xF6F6F6, 0xF6F6F6, 0xF6F6F6, 0xF6F6F6, 0xF6F6F6, 0xF6F6F6, 0xF6F6F6, 0xF6F6F6, 0xF6F6F6,
    0xF6F6F6, 0xF6F6F6, 0xF6F6F6, 0xF6F6F6, 0xF6F6F6, 0xF6F6F6, 0xF6F6F6, 0xF6F6F6, 0xF6F6F6, 0xF6F6F6, 0xF6F6F6, 0xF6F6F6,
    0xF6F6F6, 0xF6F6F6, 0xF6F6F6, 0xF6F6F6, 0xF6F6F6, 0xF6F6F6, 0xF6F6F6, 0xF6F6F6, 0xD6D6D6, 0x060606, 0x000000, 0x000000,
    0x20200A, 0xF1F113, 0xFEFE12, 0xFEFE12, 0xFEFE12, 0x5072DC, 0x385FF8, 0x385FF8, 0x385FF8, 0x385FF8, 0x385FF8, 0x385FF8,
    0x385FF8, 0x385FF8, 0x385FF8, 0x385FF8, 0x375EF9, 0x8EA38B, 0xFEFE10, 0xFEFE12, 0xFEFE12, 0xFEFE12, 0xFEFE12, 0xFEFE12,
    0xFEFE12, 0xFEFE12, 0xFEFE12, 0xFEFE12, 0xFEFE12, 0xFEFE12, 0xFEFE12, 0xFEFE12, 0xFEFE12, 0xF8F915, 0x597CCE, 0x385FF8,
    0x385FF8, 0x385FF8, 0x385FF8, 0x385FF8, 0x385FF8, 0x385FF8, 0x385FF8, 0x385FF8, 0x385FF8, 0x365EF8, 0x89A19C, 0xFEFE0D,
    0xFEFE12, 0xFEFE12, 0xFEFE12, 0xFEFE12, 0xFEFE12, 0xFEFE12, 0xFEFE12, 0xFEFE12, 0xFEFE12, 0xFEFE12, 0xF1F113, 0x20200A,
    0x000000, 0x000000, 0x060606, 0xD6D6D6, 0xF6F6F6, 0xF6F6F6, 0xF6F6F6, 0xF6F6F6, 0xF6F6F6, 0xF6F6F6, 0xF6F6F6, 0xF6F6F6,
    0xF6F6F6, 0xF6F6F6, 0xF6F6F6, 0xF6F6F6, 0xF6F6F6, 0xF6F6F6, 0xF6F6F6, 0xF6F6F6, 0xF6F6F6, 0xF6F6F6, 0xF6F6F6, 0xF6F6F6,
    0xF6F6F6, 0xF6F6F6, 0xF6F6F6, 0xF6F6F6, 0xF6F6F6, 0xF6F6F6, 0xF6F6F6, 0xF6F6F6, 0xF6F6F6, 0xF7F7F7, 0xF7F7F7, 0xF7F7F7,
    0xD6D6D6, 0x060606, 0x000000, 0x000000, 0x1F1F0A, 0xF1F114, 0xFEFE13, 0xFEFE13, 0xFEFE13, 0x4F71DA, 0x375EF7, 0x375EF7,
    0x375EF7, 0x385FF8, 0x385FF8, 0x385FF8, 0x385FF8, 0x385FF8, 0x385FF8, 0x385FF8, 0x375EF9, 0x8EA38B, 0xFEFE10, 0xFEFE12,
    0xFEFE12, 0xFEFE12, 0xFEFE12, 0xFEFE12, 0xFEFE12, 0xFEFE12, 0xFEFE12, 0xFEFE12, 0xFEFE12, 0xFEFE12, 0xFEFE12, 0xFEFE12,
    0xFEFE12, 0xF8F916, 0x597CCE, 0x385FF8, 0x385FF8, 0x385FF8, 0x385FF8, 0x385FF8, 0x385FF8, 0x385FF8, 0x375FF7, 0x375EF7,
    0x375EF7, 0x355DF8, 0x89A19C, 0xFEFE0D, 0xFEFE12, 0xFEFE12, 0xFEFE12, 0xFEFE12, 0xFEFE12, 0xFEFE12, 0xFEFE12, 0xFEFE13,
    0xFEFE13, 0xFEFE13, 0xF1F114, 0x1F1F0A, 0x000000, 0x000000, 0x060606, 0xD6D6D6, 0xF7F7F7, 0xF7F7F7, 0xF7F7F7, 0xF6F6F6,
    0xF6F6F6, 0xF6F6F6, 0xF6F6F6, 0xF6F6F6, 0xF6F6F6, 0xF6F6F6, 0xF6F6F6, 0xF6F6F6, 0xF6F6F6, 0xF6F6F6, 0xF6F6F6, 0xF6F6F6,
    0xF6F6F6, 0xF6F6F6, 0xF6F6F6, 0xF6F6F6, 0xF6F6F6, 0xF6F6F6, 0xF6F6F6, 0xF6F6F6, 0xF6F6F6, 0xF6F6F6, 0xF6F6F6, 0xF6F6F6,
    0xD6D6D6, 0x808080, 0x808080, 0x808080, 0x898A74, 0x91901D, 0x91901A, 0x91901A, 0x959421, 0x80801E, 0x80801D, 0x80801D,
    0x7F7F1C, 0x9AAA71, 0xA0B37B, 0xA0B37B, 0xA0B37B, 0x5476DA, 0x385FF8, 0x385FF8, 0x385FF8, 0x385FF8, 0x385FF8, 0x385FF8,
    0x375FF8, 0x5E7DC2, 0x96A988, 0x96A988, 0x96A988, 0x96A988, 0x96A988, 0x96A988, 0x96A988, 0x96A988, 0x96A988, 0x96A988,
    0x96A988, 0x96A988, 0x96A988, 0x96A988, 0x96A988, 0x93A78E, 0x486DE5, 0x385FF8, 0x385FF8, 0x385FF8, 0x385FF8, 0x385FF8,
    0x385FF8, 0x375EF8, 0x708EB5, 0xA0B37B, 0xA0B37B, 0x9FB37C, 0xCAD455, 0xFEFE10, 0xFEFE12, 0xFEFE12, 0xFEFE12, 0xFEFE12,
    0xFEFE12, 0xFEFE12, 0xF0F018, 0x7F7F1C, 0x80801D, 0x80801D, 0x80801E, 0x959421, 0x91901A, 0x91901A, 0x91901D, 0x898A74,
    0x808080, 0x808080, 0x808080, 0xD6D6D6, 0xF6F6F6, 0xF6F6F6, 0xF6F6F6, 0xF6F6F6, 0xF6F6F6, 0xF6F6F6, 0xF6F6F6, 0xF6F6F6,
    0xF6F6F6, 0xF6F6F6, 0xF6F6F6, 0xF6F6F6, 0xF6F6F6, 0xF6F6F6, 0xF6F6F6, 0xF6F6F6, 0xF6F6F6, 0xF6F6F6, 0xF6F6F6, 0xF6F6F6,
    0xF6F6F6, 0xF6F6F6, 0xF6F6F6, 0xF6F6F6, 0xB8B8B8, 0x000000, 0x000000, 0x000000, 0x3E3E0D, 0xFAFA13, 0xFEFE12, 0xFEFE12,
    0xF1F11E, 0x111104, 0x000000, 0x000000, 0x000000, 0xE2E216, 0xFEFE0D, 0xFEFE0D, 0xFEFE09, 0x6D89BD, 0x385FF8, 0x385FF8,
    0x385FF8, 0x385FF8, 0x385FF8, 0x385FF8, 0x385FF8, 0x375FF8, 0x365EF9, 0x365EF9, 0x365EF9, 0x365EF9, 0x365EF9, 0x365EF9,
    0x365EF9, 0x365EF9, 0x365EF9, 0x365EF9, 0x365EF9, 0x365EF9, 0x365EF9, 0x365EF9, 0x365EF9, 0x365EF9, 0x385FF8, 0x385FF8,
    0x385FF8, 0x385FF8, 0x385FF8, 0x385FF8, 0x385FF8, 0x365EF8, 0xA6B977, 0xFEFE0A, 0xFEFE0D, 0xFEFE0D, 0xFEFE0E, 0xFEFE12,
    0xFEFE12, 0xFEFE12, 0xFEFE12, 0xFEFE12, 0xFEFE12, 0xFEFE12, 0xE2E219, 0x000000, 0x000000, 0x000000, 0x111104, 0xF1F11E,
    0xFEFE12, 0xFEFE12, 0xFAFA13, 0x3E3E0D, 0x000000, 0x000000, 0x000000, 0xB8B8B8, 0xF6F6F6, 0xF6F6F6, 0xF6F6F6, 0xF6F6F6,
    0xF6F6F6, 0xF6F6F6, 0xF6F6F6, 0xF6F6F6, 0xF6F6F6, 0xF6F6F6, 0xF6F6F6, 0xF6F6F6, 0xF6F6F6, 0xF6F6F6, 0xF6F6F6, 0xF6F6F6,
    0xF6F6F6, 0xF6F6F6, 0xF6F6F6, 0xF6F6F6, 0xF6F6F6, 0xF6F6F6, 0xF6F6F6, 0xF6F6F6, 0xB8B8B8, 0x000000, 0x000000, 0x000000,
    0x3E3E0D, 0xFAFA13, 0xFEFE12, 0xFEFE12, 0xF1F11E, 0x111104, 0x000000, 0x000000, 0x000000, 0xE2E219, 0xFEFE12, 0xFEFE12,
    0xFEFE0D, 0x6D89BD, 0x385FF8, 0x385FF8, 0x385FF8, 0x385FF8, 0x385FF8, 0x385FF8, 0x385FF8, 0x385FF8, 0x385FF8, 0x385FF8,
    0x385FF8, 0x385FF8, 0x385FF8, 0x385FF8, 0x385FF8, 0x385FF8, 0x385FF8, 0x385FF8, 0x385FF8, 0x385FF8, 0x385FF8, 0x385FF8,
    0x385FF8, 0x385FF8, 0x385FF8, 0x385FF8, 0x385FF8, 0x385FF8, 0x385FF8, 0x385FF8, 0x385FF8, 0x365EF8, 0xA6B977, 0xFEFE0E,
    0xFEFE12, 0xFEFE12, 0xFEFE12, 0xFEFE12, 0xFEFE12, 0xFEFE12, 0xFEFE12, 0xFEFE12, 0xFEFE12, 0xFEFE12, 0xE2E219, 0x000000,
    0x000000, 0x000000, 0x111104, 0xF1F11E, 0xFEFE12, 0xFEFE12, 0xFAFA13, 0x3E3E0D, 0x000000, 0x000000, 0x000000, 0xB8B8B8,
    0xF6F6F6, 0xF6F6F6, 0xF6F6F6, 0xF6F6F6, 0xF6F6F6, 0xF6F6F6, 0xF6F6F6, 0xF6F6F6, 0xF6F6F6, 0xF6F6F6, 0xF6F6F6, 0xF6F6F6,
    0xF6F6F6, 0xF6F6F6, 0xF6F6F6, 0xF6F6F6, 0xF6F6F6, 0xF6F6F6, 0xF6F6F6, 0xF6F6F6, 0xF6F6F6, 0xF6F6F6, 0xF6F6F6, 0xF6F6F6,
    0xB8B8B8, 0x000000, 0x000000, 0x000000, 0x3E3E0D, 0xFAFA13, 0xFEFE12, 0xFEFE12, 0xF2F21E, 0x111104, 0x000000, 0x000000,
    0x000000, 0xE2E219, 0xFEFE12, 0xFEFE12, 0xFEFE0D, 0x6D89BD, 0x385FF8, 0x385FF8, 0x385FF8, 0x385FF8, 0x385FF8, 0x385FF8,
    0x385FF8, 0x385FF8, 0x385FF8, 0x385FF8, 0x385FF8, 0x385FF8, 0x385FF8, 0x385FF8, 0x385FF8, 0x385FF8, 0x385FF8, 0x385FF8,
    0x385FF8, 0x385FF8, 0x385FF8, 0x385FF8, 0x385FF8, 0x385FF8, 0x385FF8, 0x385FF8, 0x385FF8, 0x385FF8, 0x385FF8, 0x385FF8,
    0x385FF8, 0x365EF8, 0xA6B977, 0xFEFE0E, 0xFEFE12, 0xFEFE12, 0xFEFE12, 0xFEFE12, 0xFEFE12, 0xFEFE12, 0xFEFE12, 0xFEFE12,
    0xFEFE12, 0xFEFE12, 0xE2E219, 0x000000, 0x000000, 0x000000, 0x111104, 0xF2F21E, 0xFEFE12, 0xFEFE12, 0xFAFA13, 0x3E3E0D,
    0x000000, 0x000000, 0x000000, 0xB8B8B8, 0xF6F6F6, 0xF6F6F6, 0xF6F6F6, 0xF6F6F6, 0xF6F6F6, 0xF6F6F6, 0xF6F6F6, 0xF6F6F6,
    0xF6F6F6, 0xF6F6F6, 0xF6F6F6, 0xF6F6F6, 0xF6F6F6, 0xF6F6F6, 0xF6F6F6, 0xF6F6F6, 0xF6F6F6, 0xF6F6F6, 0xF6F6F6, 0xF6F6F6,
    0xF6F6F6, 0xF6F6F6, 0xF6F6F6, 0xF6F6F6, 0xB8B8B8, 0x000000, 0x000000, 0x000000, 0x2A2A10, 0xAFAF2E, 0xB2B22F, 0xB2B22F,
    0xACAC37, 0x0C0C05, 0x000000, 0x000000, 0x000000, 0xE2E219, 0xFEFE12, 0xFEFE12, 0xFEFE0D, 0x6D89BD, 0x385FF8, 0x385FF8,
    0x385FF8, 0x385FF8, 0x385FF8, 0x385FF8, 0x385FF8, 0x385FF8, 0x385FF8, 0x385FF8, 0x385FF8, 0x345AEE, 0x2A4DD7, 0x2A4DD7,
    0x2A4DD7, 0x2A4DD7, 0x2A4DD7, 0x2A4DD7, 0x2A4DD7, 0x2B4FDC, 0x365DF5, 0x385FF8, 0x385FF8, 0x385FF8, 0x385FF8, 0x385FF8,
    0x385FF8, 0x385FF8, 0x385FF8, 0x385FF8, 0x385FF8, 0x365EF8, 0xA6B977, 0xFEFE0E, 0xFEFE12, 0xFEFE12, 0xFEFE12, 0xFEFE12,
    0xFEFE12, 0xFEFE12, 0xFEFE12, 0xFEFE12, 0xFEFE12, 0xFEFE12, 0xE2E219, 0x000000, 0x000000, 0x000000, 0x0C0C05, 0xACAC37,
    0xB2B22F, 0xB2B22F, 0xAFAF2E, 0x2A2A10, 0x000000, 0x000000, 0x000000, 0xB8B8B8, 0xF6F6F6, 0xF6F6F6, 0xF6F6F6, 0xF6F6F6,
    0xF6F6F6, 0xF6F6F6, 0xF6F6F6, 0xF6F6F6, 0xF6F6F6, 0xF6F6F6, 0xF6F6F6, 0xF6F6F6, 0xF6F6F6, 0xF6F6F6, 0xF6F6F6, 0xF6F6F6,
    0xF6F6F6, 0xF6F6F6, 0xF6F6F6, 0xF6F6F6, 0xF6F6F6, 0xF6F6F6, 0xF6F6F6, 0xF6F6F6, 0xB8B8B8, 0x000000, 0x000000, 0x000000,
    0x111216, 0x45485A, 0x474A5B, 0x474A5B, 0x434657, 0x050506, 0x000000, 0x000000, 0x000000, 0xE2E219, 0xFEFE12, 0xFEFE12,
    0xFEFE0D, 0x6D89BD, 0x385FF8, 0x385FF8, 0x385FF8, 0x385FF8, 0x385FF8, 0x385FF8, 0x385FF8, 0x385FF8, 0x385FF8, 0x385FF8,
    0x385FF8, 0x2D52E1, 0x1432AA, 0x1432AA, 0x1432AA, 0x1432AA, 0x1432AA, 0x1432AA, 0x1432AA, 0x1937B3, 0x355AEF, 0x385FF8,
    0x385FF8, 0x385FF8, 0x385FF8, 0x385FF8, 0x385FF8, 0x385FF8, 0x385FF8, 0x385FF8, 0x385FF8, 0x365EF8, 0xA6B977, 0xFEFE0E,
    0xFEFE12, 0xFEFE12, 0xFEFE12, 0xFEFE12, 0xFEFE12, 0xFEFE12, 0xFEFE12, 0xFEFE12, 0xFEFE12, 0xFEFE12, 0xE2E219, 0x000000,
    0x000000, 0x000000, 0x050506, 0x434657, 0x474A5B, 0x474A5B, 0x45485A, 0x111216, 0x000000, 0x000000, 0x000000, 0xB8B8B8,
    0xF6F6F6, 0xF6F6F6, 0xF6F6F6, 0xF6F6F6, 0xF6F6F6, 0xF6F6F6, 0xF6F6F6, 0xF6F6F6, 0xF6F6F6, 0xF6F6F6, 0xF6F6F6, 0xF6F6F6,
    0xF6F6F6, 0xF6F6F6, 0xF6F6F6, 0xF6F6F6, 0xF6F6F6, 0xF6F6F6, 0xF6F6F6, 0xF6F6F6, 0xF6F6F6, 0xF6F6F6, 0xF6F6F6, 0xF6F6F6,
    0xB8B8B8, 0x000000, 0x000000, 0x000000, 0x121316, 0x484B5A, 0x494C5B, 0x494C5B, 0x454855, 0x050506, 0x000000, 0x000000,
    0x000000, 0xE2E219, 0xFEFE12, 0xFEFE12, 0xFEFE0D, 0x6D89BD, 0x385FF8, 0x385FF8, 0x385FF8, 0x385FF8, 0x385FF8, 0x385FF8,
    0x385FF8, 0x385FF8, 0x385FF8, 0x385FF8, 0x385FF8, 0x2D52E1, 0x1432AA, 0x1432AA, 0x1432AA, 0x1432AA, 0x1432AA, 0x1432AA,
    0x1432AA, 0x1937B3, 0x355AEF, 0x385FF8, 0x385FF8, 0x385FF8, 0x385FF8, 0x385FF8, 0x385FF8, 0x385FF8, 0x385FF8, 0x385FF8,
    0x385FF8, 0x365EF8, 0xA6B977, 0xFEFE0E, 0xFEFE12, 0xFEFE12, 0xFEFE12, 0xFEFE12, 0xFEFE12, 0xFEFE12, 0xFEFE12, 0xFEFE12,
    0xFEFE12, 0xFEFE12, 0xE2E219, 0x000000, 0x000000, 0x000000, 0x050506, 0x454855, 0x494C5B, 0x494C5B, 0x484B5A, 0x121316,
    0x000000, 0x000000, 0x000000, 0xB8B8B8, 0xF6F6F6, 0xF6F6F6, 0xF6F6F6, 0xF6F6F6, 0xF6F6F6, 0xF6F6F6, 0xF6F6F6, 0xF6F6F6,
    0xF6F6F6, 0xF6F6F6, 0xF6F6F6, 0xF6F6F6, 0xF6F6F6, 0xF6F6F6, 0xF6F6F6, 0xF6F6F6, 0xF6F6F6, 0xF6F6F6, 0xF6F6F6, 0xF6F6F6,
    0xF6F6F6, 0xF6F6F6, 0xF6F6F6, 0xF6F6F6, 0xB8B8B8, 0x000000, 0x000000, 0x000000, 0x121316, 0x484B5A, 0x494C5B, 0x494C5B,
    0x454855, 0x050506, 0x000000, 0x000000, 0x000000, 0xE2E217, 0xFEFE10, 0xFEFE10, 0xFEFE0B, 0x6D89BD, 0x385FF8, 0x385FF8,
    0x385FF8, 0x385FF8, 0x385FF8, 0x385FF8, 0x385FF8, 0x385FF8, 0x385FF8, 0x385FF8, 0x385FF8, 0x2D52E1, 0x1432AA, 0x1432AA,
    0x1432AA, 0x1432AA, 0x1432AA, 0x1432AA, 0x1432AA, 0x1937B3, 0x355AEF, 0x385FF8, 0x385FF8, 0x385FF8, 0x385FF8, 0x385FF8,
    0x385FF8, 0x385FF8, 0x385FF8, 0x385FF8, 0x385FF8, 0x365EF8, 0xA6B977, 0xFEFE0C, 0xFEFE10, 0xFEFE10, 0xFEFE10, 0xFEFE10,
    0xFEFE10, 0xFEFE10, 0xFEFE10, 0xFEFE10, 0xFEFE10, 0xFEFE10, 0xE2E217, 0x000000, 0x000000, 0x000000, 0x050506, 0x454855,
    0x494C5B, 0x494C5B, 0x484B5A, 0x121316, 0x000000, 0x000000, 0x000000, 0xB8B8B8, 0xF6F6F6, 0xF6F6F6, 0xF6F6F6, 0xF6F6F6,
    0xF6F6F6, 0xF6F6F6, 0xF6F6F6, 0xF6F6F6, 0xF6F6F6, 0xF6F6F6, 0xF6F6F6, 0xF6F6F6, 0xF6F6F6, 0xF6F6F6, 0xF6F6F6, 0xF6F6F6,
    0xF6F6F6, 0xF6F6F6, 0xF6F6F6, 0xF6F6F6, 0xF6F6F6, 0xF6F6F6, 0xF6F6F6, 0xF6F6F6, 0xCCCCCC, 0x5F5F5F, 0x5F5F5F, 0x5F5F5F,
    0x5B5B5C, 0x353841, 0x343640, 0x343640, 0x31333C, 0x030404, 0x000000, 0x000000, 0x000000, 0xA8B455, 0xBDCB5D, 0xBDCB5D,
    0xBECB5C, 0x5D7CD2, 0x385FF8, 0x385FF8, 0x385FF8, 0x385FF8, 0x385FF8, 0x385FF8, 0x385FF8, 0x385FF8, 0x385FF8, 0x385FF8,
    0x385FF8, 0x3257E8, 0x2041C4, 0x2041C4, 0x2041C4, 0x2041C4, 0x2041C4, 0x2041C4, 0x2041C4, 0x2344C9, 0x355BF1, 0x385FF8,
    0x385FF8, 0x385FF8, 0x385FF8, 0x385FF8, 0x385FF8, 0x385FF8, 0x385FF8, 0x385FF8, 0x385FF8, 0x365EF8, 0x829CA4, 0xBDCB5D,
    0xBDCB5D, 0xBDCB5D, 0xBDCB5D, 0xBDCB5D, 0xBDCB5D, 0xBDCB5D, 0xBDCB5D, 0xBDCB5D, 0xBDCB5D, 0xBDCB5D, 0xA8B455, 0x000000,
    0x000000, 0x000000, 0x030404, 0x31333C, 0x343640, 0x343640, 0x353841, 0x5B5B5C, 0x5F5F5F, 0x5F5F5F, 0x5F5F5F, 0xCCCCCC,
    0xF6F6F6, 0xF6F6F6, 0xF6F6F6, 0xF6F6F6, 0xF6F6F6, 0xF6F6F6, 0xF6F6F6, 0xF6F6F6, 0xF6F6F6, 0xF6F6F6, 0xF6F6F6, 0xF6F6F6,
    0xF6F6F6, 0xF6F6F6, 0xF6F6F6, 0xF6F6F6, 0xF6F6F6, 0xF6F6F6, 0xF6F6F6, 0xF6F6F6, 0xF6F6F6, 0xF6F6F6, 0xF6F6F6, 0xF6F6F6,
    0xF7F7F7, 0xF8F8F8, 0xF8F8F8, 0xF8F8F8, 0xD6D6D6, 0x060606, 0x000000, 0x000000, 0x000000, 0x000000, 0x000000, 0x000000,
    0x000000, 0x3053D8, 0x345DF6, 0x345DF6, 0x345DF6, 0x375FF8, 0x385FF8, 0x385FF8, 0x385FF8, 0x385FF8, 0x385FF8, 0x385FF8,
    0x385FF8, 0x385FF8, 0x385FF8, 0x385FF8, 0x385FF8, 0x385FF8, 0x385FF8, 0x385FF8, 0x385FF8, 0x385FF8, 0x385FF8, 0x385FF8,
    0x385FF8, 0x385FF8, 0x385FF8, 0x385FF8, 0x385FF8, 0x385FF8, 0x385FF8, 0x385FF8, 0x385FF8, 0x385FF8, 0x385FF8, 0x385FF8,
    0x385FF8, 0x385FF8, 0x365DF7, 0x345DF6, 0x345DF6, 0x345DF6, 0x345DF6, 0x345DF6, 0x345DF6, 0x345DF6, 0x345DF6, 0x345DF6,
    0x345DF6, 0x345DF6, 0x3053D8, 0x000000, 0x000000, 0x000000, 0x000000, 0x000000, 0x000000, 0x000000, 0x060606, 0xD6D6D6,
    0xF8F8F8, 0xF8F8F8, 0xF8F8F8, 0xF7F7F7, 0xF6F6F6, 0xF6F6F6, 0xF6F6F6, 0xF6F6F6, 0xF6F6F6, 0xF6F6F6, 0xF6F6F6, 0xF6F6F6,
    0xF6F6F6, 0xF6F6F6, 0xF6F6F6, 0xF6F6F6, 0xF6F6F6, 0xF6F6F6, 0xF6F6F6, 0xF6F6F6, 0xF6F6F6, 0xF6F6F6, 0xF6F6F6, 0xF6F6F6,
    0xF6F6F6, 0xF6F6F6, 0xF6F6F6, 0xF6F6F6, 0xF6F6F6, 0xF6F6F6, 0xF6F6F6, 0xF6F6F6, 0xD6D6D6, 0x060606, 0x000000, 0x000000,
    0x000000, 0x000000, 0x000000, 0x000000, 0x000000, 0x3455DA, 0x385FF8, 0x385FF8, 0x385FF8, 0x385FF8, 0x385FF8, 0x385FF8,
    0x385FF8, 0x385FF8, 0x385FF8, 0x385FF8, 0x385FF8, 0x385FF8, 0x385FF8, 0x385FF8, 0x385FF8, 0x385FF8, 0x385FF8, 0x385FF8,
    0x385FF8, 0x385FF8, 0x385FF8, 0x385FF8, 0x385FF8, 0x385FF8, 0x385FF8, 0x385FF8, 0x385FF8, 0x385FF8, 0x385FF8, 0x385FF8,
    0x385FF8, 0x385FF8, 0x385FF8, 0x385FF8, 0x385FF8, 0x385FF8, 0x385FF8, 0x385FF8, 0x385FF8, 0x385FF8, 0x385FF8, 0x385FF8,
    0x385FF8, 0x385FF8, 0x385FF8, 0x385FF8, 0x385FF8, 0x385FF8, 0x3455DA, 0x000000, 0x000000, 0x000000, 0x000000, 0x000000,
    0x000000, 0x000000, 0x060606, 0xD6D6D6, 0xF6F6F6, 0xF6F6F6, 0xF6F6F6, 0xF6F6F6, 0xF6F6F6, 0xF6F6F6, 0xF6F6F6, 0xF6F6F6,
    0xF6F6F6, 0xF6F6F6, 0xF6F6F6, 0xF6F6F6, 0xF6F6F6, 0xF6F6F6, 0xF6F6F6, 0xF6F6F6, 0xF6F6F6, 0xF6F6F6, 0xF6F6F6, 0xF6F6F6,
    0xF6F6F6, 0xF6F6F6, 0xF6F6F6, 0xF6F6F6, 0xF6F6F6, 0xF6F6F6, 0xF6F6F6, 0xF6F6F6, 0xF6F6F6, 0xF6F6F6, 0xF6F6F6, 0xF6F6F6,
    0xD6D6D6, 0x060606, 0x000000, 0x000000, 0x000000, 0x000000, 0x000000, 0x000000, 0x000000, 0x3455DA, 0x385FF8, 0x385FF8,
    0x385FF8, 0x385FF8, 0x385FF8, 0x385FF8, 0x385FF8, 0x385FF8, 0x385FF8, 0x385FF8, 0x385FF8, 0x385FF8, 0x385FF8, 0x385FF8,
    0x385FF8, 0x385FF8, 0x385FF8, 0x385FF8, 0x385FF8, 0x385FF8, 0x385FF8, 0x385FF8, 0x385FF8, 0x385FF8, 0x385FF8, 0x385FF8,
    0x385FF8, 0x385FF8, 0x385FF8, 0x385FF8, 0x385FF8, 0x385FF8, 0x385FF8, 0x385FF8, 0x385FF8, 0x385FF8, 0x385FF8, 0x385FF8,
    0x385FF8, 0x385FF8, 0x385FF8, 0x385FF8, 0x385FF8, 0x385FF8, 0x385FF8, 0x385FF8, 0x385FF8, 0x385FF8, 0x3455DA, 0x000000,
    0x000000, 0x000000, 0x000000, 0x000000, 0x000000, 0x000000, 0x060606, 0xD6D6D6, 0xF6F6F6, 0xF6F6F6, 0xF6F6F6, 0xF6F6F6,
    0xF6F6F6, 0xF6F6F6, 0xF6F6F6, 0xF6F6F6, 0xF6F6F6, 0xF6F6F6, 0xF6F6F6, 0xF6F6F6, 0xF6F6F6, 0xF6F6F6, 0xF6F6F6, 0xF6F6F6,
    0xF6F6F6, 0xF6F6F6, 0xF6F6F6, 0xF6F6F6, 0xF6F6F6, 0xF6F6F6, 0xF6F6F6, 0xF6F6F6, 0xF6F6F6, 0xF6F6F6, 0xF6F6F6, 0xF6F6F6,
    0xF6F6F6, 0xF6F6F6, 0xF6F6F6, 0xF6F6F6, 0xDDDDDD, 0x404040, 0x3B3B3B, 0x3B3B3B, 0x3B3B3B, 0x3B3B3B, 0x3B3B3B, 0x3B3B3B,
    0x3C3C3C, 0x2C46A6, 0x2D49BA, 0x2D49BA, 0x2D49BA, 0x375BE9, 0x385FF8, 0x385FF8, 0x385FF8, 0x385FF8, 0x385FF8, 0x385FF8,
    0x385FF8, 0x385FF8, 0x385FF8, 0x385FF8, 0x385FF8, 0x385FF8, 0x385FF8, 0x385FF8, 0x385FF8, 0x385FF8, 0x385FF8, 0x385FF8,
    0x385FF8, 0x385FF8, 0x385FF8, 0x385FF8, 0x385FF8, 0x385FF8, 0x385FF8, 0x385FF8, 0x385FF8, 0x385FF8, 0x385FF8, 0x385FF8,
    0x385FF8, 0x385FF8, 0x385FF8, 0x385FF8, 0x385FF8, 0x385FF8, 0x385FF8, 0x385FF8, 0x385FF8, 0x385FF8, 0x375BE9, 0x2D49BA,
    0x2D49BA, 0x2D49BA, 0x2C46A6, 0x3C3C3C, 0x3B3B3B, 0x3B3B3B, 0x3B3B3B, 0x3B3B3B, 0x3B3B3B, 0x3B3B3B, 0x404040, 0xDDDDDD,
    0xF6F6F6, 0xF6F6F6, 0xF6F6F6, 0xF6F6F6, 0xF6F6F6, 0xF6F6F6, 0xF6F6F6, 0xF6F6F6, 0xF6F6F6, 0xF6F6F6, 0xF6F6F6, 0xF6F6F6,
    0xF6F6F6, 0xF6F6F6, 0xF6F6F6, 0xF6F6F6, 0xF6F6F6, 0xF6F6F6, 0xF6F6F6, 0xF6F6F6, 0xF6F6F6, 0xF6F6F6, 0xF6F6F6, 0xF6F6F6,
    0xF6F6F6, 0xF6F6F6, 0xF6F6F6, 0xF6F6F6, 0xF6F6F6, 0xF6F6F6, 0xF6F6F6, 0xF6F6F6, 0xF6F6F6, 0xF7F7F7, 0xF7F7F7, 0xF7F7F7,
    0xF7F7F7, 0xF7F7F7, 0xF7F7F7, 0xF7F7F7, 0xF9F9F9, 0x1C1C1C, 0x000000, 0x000000, 0x000000, 0x2D4ABD, 0x385FF8, 0x385FF8,
    0x385FF8, 0x385FF8, 0x385FF8, 0x385FF8, 0x385FF8, 0x385FF8, 0x385FF8, 0x385FF8, 0x385FF8, 0x385FF8, 0x385FF8, 0x385FF8,
    0x385FF8, 0x385FF8, 0x385FF8, 0x385FF8, 0x385FF8, 0x385FF8, 0x385FF8, 0x385FF8, 0x385FF8, 0x385FF8, 0x385FF8, 0x385FF8,
    0x385FF8, 0x385FF8, 0x385FF8, 0x385FF8, 0x385FF8, 0x385FF8, 0x385FF8, 0x385FF8, 0x385FF8, 0x385FF8, 0x385FF8, 0x385FF8,
    0x385FF8, 0x385FF8, 0x2D4ABD, 0x000000, 0x000000, 0x000000, 0x1C1C1C, 0xF9F9F9, 0xF7F7F7, 0xF7F7F7, 0xF7F7F7, 0xF7F7F7,
    0xF7F7F7, 0xF7F7F7, 0xF7F7F7, 0xF6F6F6, 0xF6F6F6, 0xF6F6F6, 0xF6F6F6, 0xF6F6F6, 0xF6F6F6, 0xF6F6F6, 0xF6F6F6, 0xF6F6F6,
    0xF6F6F6, 0xF6F6F6, 0xF6F6F6, 0xF6F6F6, 0xF6F6F6, 0xF6F6F6, 0xF6F6F6, 0xF6F6F6, 0xF6F6F6, 0xF6F6F6, 0xF6F6F6, 0xF6F6F6,
    0xF6F6F6, 0xF6F6F6, 0xF6F6F6, 0xF6F6F6, 0xF6F6F6, 0xF6F6F6, 0xF6F6F6, 0xF6F6F6, 0xF6F6F6, 0xF6F6F6, 0xF6F6F6, 0xF6F6F6,
    0xF6F6F6, 0xF6F6F6, 0xF6F6F6, 0xF6F6F6, 0xF6F6F6, 0xF6F6F6, 0xF6F6F6, 0xF6F6F6, 0xF9F9F9, 0x1C1C1C, 0x000000, 0x000000,
    0x000000, 0x2D4ABD, 0x385FF8, 0x385FF8, 0x385FF8, 0x385FF8, 0x385FF8, 0x385FF8, 0x385FF8, 0x385FF8, 0x385FF8, 0x385FF8,
    0x385FF8, 0x385FF8, 0x385FF8, 0x385FF8, 0x385FF8, 0x385FF8, 0x385FF8, 0x385FF8, 0x385FF8, 0x385FF8, 0x385FF8, 0x385FF8,
    0x385FF8, 0x385FF8, 0x385FF8, 0x385FF8, 0x385FF8, 0x385FF8, 0x385FF8, 0x385FF8, 0x385FF8, 0x385FF8, 0x385FF8, 0x385FF8,
    0x385FF8, 0x385FF8, 0x385FF8, 0x385FF8, 0x385FF8, 0x385FF8, 0x2D4ABD, 0x000000, 0x000000, 0x000000, 0x1C1C1C, 0xF9F9F9,
    0xF6F6F6, 0xF6F6F6, 0xF6F6F6, 0xF6F6F6, 0xF6F6F6, 0xF6F6F6, 0xF6F6F6, 0xF6F6F6, 0xF6F6F6, 0xF6F6F6, 0xF6F6F6, 0xF6F6F6,
    0xF6F6F6, 0xF6F6F6, 0xF6F6F6, 0xF6F6F6, 0xF6F6F6, 0xF6F6F6, 0xF6F6F6, 0xF6F6F6, 0xF6F6F6, 0xF6F6F6, 0xF6F6F6, 0xF6F6F6,
    0xF6F6F6, 0xF6F6F6, 0xF6F6F6, 0xF6F6F6, 0xF6F6F6, 0xF6F6F6, 0xF6F6F6, 0xF6F6F6, 0xF6F6F6, 0xF6F6F6, 0xF6F6F6, 0xF6F6F6,
    0xF6F6F6, 0xF6F6F6, 0xF6F6F6, 0xF6F6F6, 0xF6F6F6, 0xF6F6F6, 0xF6F6F6, 0xF6F6F6, 0xF6F6F6, 0xF6F6F6, 0xF6F6F6, 0xF6F6F6,
    0xF9F9F9, 0x1C1C1C, 0x000000, 0x000000, 0x000000, 0x2D4ABD, 0x385FF8, 0x385FF8, 0x385FF8, 0x385FF8, 0x385FF8, 0x385FF8,
    0x385FF8, 0x385FF8, 0x385FF8, 0x385FF8, 0x385FF8, 0x385FF8, 0x385FF8, 0x385FF8, 0x385FF8, 0x385FF8, 0x385FF8, 0x385FF8,
    0x385FF8, 0x385FF8, 0x385FF8, 0x385FF8, 0x385FF8, 0x385FF8, 0x385FF8, 0x385FF8, 0x385FF8, 0x385FF8, 0x385FF8, 0x385FF8,
    0x385FF8, 0x385FF8, 0x385FF8, 0x385FF8, 0x385FF8, 0x385FF8, 0x385FF8, 0x385FF8, 0x385FF8, 0x385FF8, 0x2D4ABD, 0x000000,
    0x000000, 0x000000, 0x1C1C1C, 0xF9F9F9, 0xF6F6F6, 0xF6F6F6, 0xF6F6F6, 0xF6F6F6, 0xF6F6F6, 0xF6F6F6, 0xF6F6F6, 0xF6F6F6,
    0xF6F6F6, 0xF6F6F6, 0xF6F6F6, 0xF6F6F6, 0xF6F6F6, 0xF6F6F6, 0xF6F6F6, 0xF6F6F6, 0xF6F6F6, 0xF6F6F6, 0xF6F6F6, 0xF6F6F6,
    0xF6F6F6, 0xF6F6F6, 0xF6F6F6, 0xF6F6F6, 0xF6F6F6, 0xF6F6F6, 0xF6F6F6, 0xF6F6F6, 0xF6F6F6, 0xF6F6F6, 0xF6F6F6, 0xF6F6F6,
    0xF6F6F6, 0xF6F6F6, 0xF6F6F6, 0xF6F6F6, 0xF6F6F6, 0xF6F6F6, 0xF6F6F6, 0xF6F6F6, 0xF6F6F6, 0xF6F6F6, 0xF6F6F6, 0xF6F6F6,
    0xF6F6F6, 0xF6F6F6, 0xF6F6F6, 0xF6F6F6, 0xF8F8F8, 0x4B4B4B, 0x343434, 0x343434, 0x343434, 0x364DAA, 0x3251CE, 0x3251CE,
    0x3251CE, 0x3251CE, 0x3251CE, 0x3251CE, 0x3251CE, 0x3557E0, 0x385FF8, 0x385FF8, 0x385FF8, 0x375BEB, 0x3251CE, 0x3251CE,
    0x3251CE, 0x3251CE, 0x3251CE, 0x3251CE, 0x3251CE, 0x3251CE, 0x3251CE, 0x3251CE, 0x3251CE, 0x3251CE, 0x3251CE, 0x3251CE,
    0x3251CE, 0x3251CE, 0x375BEB, 0x385FF8, 0x385FF8, 0x385FF8, 0x3557E0, 0x3251CE, 0x3251CE, 0x3251CE, 0x3251CE, 0x3251CE,
    0x3251CE, 0x3251CE, 0x364DAA, 0x343434, 0x343434, 0x343434, 0x4B4B4B, 0xF8F8F8, 0xF6F6F6, 0xF6F6F6, 0xF6F6F6, 0xF6F6F6,
    0xF6F6F6, 0xF6F6F6, 0xF6F6F6, 0xF6F6F6, 0xF6F6F6, 0xF6F6F6, 0xF6F6F6, 0xF6F6F6, 0xF6F6F6, 0xF6F6F6, 0xF6F6F6, 0xF6F6F6,
    0xF6F6F6, 0xF6F6F6, 0xF6F6F6, 0xF6F6F6, 0xF6F6F6, 0xF6F6F6, 0xF6F6F6, 0xF6F6F6, 0xF6F6F6, 0xF6F6F6, 0xF6F6F6, 0xF6F6F6,
    0xF6F6F6, 0xF6F6F6, 0xF6F6F6, 0xF6F6F6, 0xF6F6F6, 0xF6F6F6, 0xF6F6F6, 0xF6F6F6, 0xF6F6F6, 0xF6F6F6, 0xF6F6F6, 0xF6F6F6,
    0xF6F6F6, 0xF6F6F6, 0xF6F6F6, 0xF6F6F6, 0xF6F6F6, 0xF6F6F6, 0xF6F6F6, 0xF6F6F6, 0xF6F6F6, 0xF0F0F0, 0xEFEFEF, 0xEFEFEF,
    0xF1F1F1, 0x515258, 0x060710, 0x060710, 0x060710, 0x060710, 0x060710, 0x060710, 0x060710, 0x20317A, 0x385FF8, 0x385FF8,
    0x385FF8, 0x2C46B2, 0x060710, 0x060710, 0x060710, 0x060710, 0x060710, 0x060710, 0x060710, 0x060710, 0x060710, 0x060710,
    0x060710, 0x060710, 0x060710, 0x060710, 0x060710, 0x060710, 0x2C46B2, 0x385FF8, 0x385FF8, 0x385FF8, 0x20317A, 0x060710,
    0x060710, 0x060710, 0x060710, 0x060710, 0x060710, 0x060710, 0x515258, 0xF1F1F1, 0xEFEFEF, 0xEFEFEF, 0xF0F0F0, 0xF6F6F6,
    0xF6F6F6, 0xF6F6F6, 0xF6F6F6, 0xF6F6F6, 0xF6F6F6, 0xF6F6F6, 0xF6F6F6, 0xF6F6F6, 0xF6F6F6, 0xF6F6F6, 0xF6F6F6, 0xF6F6F6,
    0xF6F6F6, 0xF6F6F6, 0xF6F6F6, 0xF6F6F6, 0xF6F6F6, 0xF6F6F6, 0xF6F6F6, 0xF6F6F6, 0xF6F6F6, 0xF6F6F6, 0xF6F6F6, 0xF6F6F6,
    0xF6F6F6, 0xF6F6F6, 0xF6F6F6, 0xF6F6F6, 0xF6F6F6, 0xF6F6F6, 0xF6F6F6, 0xF6F6F6, 0xF6F6F6, 0xF6F6F6, 0xF6F6F6, 0xF6F6F6,
    0xF6F6F6, 0xF6F6F6, 0xF6F6F6, 0xF6F6F6, 0xF6F6F6, 0xF6F6F6, 0xF6F6F6, 0xF6F6F6, 0xF6F6F6, 0xF6F6F6, 0xF6F6F6, 0xF6F6F6,
    0xF6F6F6, 0xF6F6F6, 0xF6F6F6, 0xF6F6F6, 0xF8F8F8, 0x525252, 0x000000, 0x000000, 0x000000, 0x000000, 0x000000, 0x000000,
    0x000000, 0x1D2E72, 0x385FF8, 0x385FF8, 0x385FF8, 0x2A44AE, 0x000000, 0x000000, 0x000000, 0x000000, 0x000000, 0x000000,
    0x000000, 0x000000, 0x000000, 0x000000, 0x000000, 0x000000, 0x000000, 0x000000, 0x000000, 0x000000, 0x2A44AE, 0x385FF8,
    0x385FF8, 0x385FF8, 0x1D2E72, 0x000000, 0x000000, 0x000000, 0x000000, 0x000000, 0x000000, 0x000000, 0x525252, 0xF8F8F8,
    0xF6F6F6, 0xF6F6F6, 0xF6F6F6, 0xF6F6F6, 0xF6F6F6, 0xF6F6F6, 0xF6F6F6, 0xF6F6F6, 0xF6F6F6, 0xF6F6F6, 0xF6F6F6, 0xF6F6F6,
    0xF6F6F6, 0xF6F6F6, 0xF6F6F6, 0xF6F6F6, 0xF6F6F6, 0xF6F6F6, 0xF6F6F6, 0xF6F6F6, 0xF6F6F6, 0xF6F6F6, 0xF6F6F6, 0xF6F6F6,
    0xF6F6F6, 0xF6F6F6, 0xF6F6F6, 0xF6F6F6, 0xF6F6F6, 0xF6F6F6, 0xF6F6F6, 0xF6F6F6, 0xF6F6F6, 0xF6F6F6, 0xF6F6F6, 0xF6F6F6,
    0xF6F6F6, 0xF6F6F6, 0xF6F6F6, 0xF6F6F6, 0xF6F6F6, 0xF6F6F6, 0xF6F6F6, 0xF6F6F6, 0xF6F6F6, 0xF6F6F6, 0xF6F6F6, 0xF6F6F6,
    0xF6F6F6, 0xF6F6F6, 0xF6F6F6, 0xF6F6F6, 0xF6F6F6, 0xF6F6F6, 0xF6F6F6, 0xF6F6F6, 0xF8F8F8, 0x525252, 0x000000, 0x000000,
    0x000000, 0x000000, 0x000000, 0x000000, 0x000000, 0x1D2E72, 0x385FF8, 0x385FF8, 0x385FF8, 0x2A44AE, 0x000000, 0x000000,
    0x000000, 0x000000, 0x000000, 0x000000, 0x000000, 0x000000, 0x000000, 0x000000, 0x000000, 0x000000, 0x000000, 0x000000,
    0x000000, 0x000000, 0x2A44AE, 0x385FF8, 0x385FF8, 0x385FF8, 0x1D2E72, 0x000000, 0x000000, 0x000000, 0x000000, 0x000000,
    0x000000, 0x000000, 0x525252, 0xF8F8F8, 0xF6F6F6, 0xF6F6F6, 0xF6F6F6, 0xF6F6F6, 0xF6F6F6, 0xF6F6F6, 0xF6F6F6, 0xF6F6F6,
    0xF6F6F6, 0xF6F6F6, 0xF6F6F6, 0xF6F6F6, 0xF6F6F6, 0xF6F6F6, 0xF6F6F6, 0xF6F6F6, 0xF6F6F6, 0xF6F6F6, 0xF6F6F6, 0xF6F6F6,
    0xF6F6F6, 0xF6F6F6, 0xF6F6F6, 0xF6F6F6, 0xF6F6F6, 0xF6F6F6, 0xF6F6F6, 0xF6F6F6, 0xF6F6F6, 0xF6F6F6, 0xF6F6F6, 0xF6F6F6,
    0xF6F6F6, 0xF6F6F6, 0xF6F6F6, 0xF6F6F6, 0xF6F6F6, 0xF6F6F6, 0xF6F6F6, 0xF6F6F6, 0xF6F6F6, 0xF6F6F6, 0xF6F6F6, 0xF6F6F6,
    0xF6F6F6, 0xF6F6F6, 0xF6F6F6, 0xF6F6F6, 0xF6F6F6, 0xF6F6F6, 0xF6F6F6, 0xF6F6F6, 0xF6F6F6, 0xF6F6F6, 0xF6F6F6, 0xF6F6F6,
    0xF8F8F8, 0x676767, 0x282828, 0x282828, 0x282828, 0x121212, 0x000000, 0x000000, 0x000000, 0x202F6D, 0x3A5DE6, 0x3A5DE6,
    0x3A5DE6, 0x2B43A1, 0x000000, 0x000000, 0x000000, 0x080808, 0x262626, 0x282828, 0x282828, 0x282828, 0x282828, 0x282828,
    0x282828, 0x262626, 0x080808, 0x000000, 0x000000, 0x000000, 0x2B43A1, 0x3A5DE6, 0x3A5DE6, 0x3A5DE6, 0x202F6D, 0x000000,
    0x000000, 0x000000, 0x121212, 0x282828, 0x282828, 0x282828, 0x676767, 0xF8F8F8, 0xF6F6F6, 0xF6F6F6, 0xF6F6F6, 0xF6F6F6,
    0xF6F6F6, 0xF6F6F6, 0xF6F6F6, 0xF6F6F6, 0xF6F6F6, 0xF6F6F6, 0xF6F6F6, 0xF6F6F6, 0xF6F6F6, 0xF6F6F6, 0xF6F6F6, 0xF6F6F6,
    0xF6F6F6, 0xF6F6F6, 0xF6F6F6, 0xF6F6F6, 0xF6F6F6, 0xF6F6F6, 0xF6F6F6, 0xF6F6F6, 0xF6F6F6, 0xF6F6F6, 0xF6F6F6, 0xF6F6F6,
    0xF6F6F6, 0xF6F6F6, 0xF6F6F6, 0xF6F6F6, 0xF6F6F6, 0xF6F6F6, 0xF6F6F6, 0xF6F6F6, 0xF6F6F6, 0xF6F6F6, 0xF6F6F6, 0xF6F6F6,
    0xF6F6F6, 0xF6F6F6, 0xF6F6F6, 0xF6F6F6, 0xF6F6F6, 0xF6F6F6, 0xF6F6F6, 0xF6F6F6, 0xF6F6F6, 0xF6F6F6, 0xF6F6F6, 0xF6F6F6,
    0xF6F6F6, 0xF6F6F6, 0xF6F6F6, 0xF6F6F6, 0xF6F6F6, 0xEBEBEB, 0xE9E9E9, 0xE9E9E9, 0xE9E9E9, 0x6D6D6D, 0x000000, 0x000000,
    0x000000, 0x232632, 0x484E67, 0x484E67, 0x484E67, 0x323749, 0x000000, 0x000000, 0x000000, 0x333333, 0xE2E2E2, 0xE9E9E9,
    0xE9E9E9, 0xE9E9E9, 0xE9E9E9, 0xE9E9E9, 0xE9E9E9, 0xE2E2E2, 0x323232, 0x000000, 0x000000, 0x000000, 0x323749, 0x484E67,
    0x484E67, 0x484E67, 0x232632, 0x000000, 0x000000, 0x000000, 0x6D6D6D, 0xE9E9E9, 0xE9E9E9, 0xE9E9E9, 0xEBEBEB, 0xF6F6F6,
    0xF6F6F6, 0xF6F6F6, 0xF6F6F6, 0xF6F6F6, 0xF6F6F6, 0xF6F6F6, 0xF6F6F6, 0xF6F6F6, 0xF6F6F6, 0xF6F6F6, 0xF6F6F6, 0xF6F6F6,
    0xF6F6F6, 0xF6F6F6, 0xF6F6F6, 0xF6F6F6, 0xF6F6F6, 0xF6F6F6, 0xF6F6F6, 0xF6F6F6, 0xF6F6F6, 0xF6F6F6, 0xF6F6F6, 0xF6F6F6,
    0xF6F6F6, 0xF6F6F6, 0xF6F6F6, 0xF6F6F6, 0xF6F6F6, 0xF6F6F6, 0xF6F6F6, 0xF6F6F6, 0xF6F6F6, 0xF6F6F6, 0xF6F6F6, 0xF6F6F6,
    0xF6F6F6, 0xF6F6F6, 0xF6F6F6, 0xF6F6F6, 0xF6F6F6, 0xF6F6F6, 0xF6F6F6, 0xF6F6F6, 0xF6F6F6, 0xF6F6F6, 0xF6F6F6, 0xF6F6F6,
    0xF6F6F6, 0xF6F6F6, 0xF6F6F6, 0xF6F6F6, 0xF6F6F6, 0xF6F6F6, 0xF6F6F6, 0xF6F6F6, 0xF6F6F6, 0xF6F6F6, 0xF6F6F6, 0xF6F6F6,
    0xF8F8F8, 0x767676, 0x000000, 0x000000, 0x000000, 0x24252C, 0x494C5B, 0x494C5B, 0x494C5B, 0x333640, 0x000000, 0x000000,
    0x000000, 0x363636, 0xF0F0F0, 0xF6F6F6, 0xF6F6F6, 0xF6F6F6, 0xF6F6F6, 0xF6F6F6, 0xF6F6F6, 0xF0F0F0, 0x363636, 0x000000,
    0x000000, 0x000000, 0x333640, 0x494C5B, 0x494C5B, 0x494C5B, 0x24252C, 0x000000, 0x000000, 0x000000, 0x767676, 0xF8F8F8,
    0xF6F6F6, 0xF6F6F6, 0xF6F6F6, 0xF6F6F6, 0xF6F6F6, 0xF6F6F6, 0xF6F6F6, 0xF6F6F6, 0xF6F6F6, 0xF6F6F6, 0xF6F6F6, 0xF6F6F6,
    0xF6F6F6, 0xF6F6F6, 0xF6F6F6, 0xF6F6F6, 0xF6F6F6, 0xF6F6F6, 0xF6F6F6, 0xF6F6F6, 0xF6F6F6, 0xF6F6F6, 0xF6F6F6, 0xF6F6F6,
    0xF6F6F6, 0xF6F6F6, 0xF6F6F6, 0xF6F6F6, 0xF6F6F6, 0xF6F6F6, 0xF6F6F6, 0xF6F6F6, 0xF6F6F6, 0xF6F6F6, 0xF6F6F6, 0xF6F6F6,
    0xF6F6F6, 0xF6F6F6, 0xF6F6F6, 0xF6F6F6, 0xF6F6F6, 0xF6F6F6, 0xF6F6F6, 0xF6F6F6, 0xF6F6F6, 0xF6F6F6, 0xF6F6F6, 0xF6F6F6,
    0xF6F6F6, 0xF6F6F6, 0xF6F6F6, 0xF6F6F6, 0xF6F6F6, 0xF6F6F6, 0xF6F6F6, 0xF6F6F6, 0xF6F6F6, 0xF6F6F6, 0xF6F6F6, 0xF6F6F6,
    0xF6F6F6, 0xF6F6F6, 0xF6F6F6, 0xF6F6F6, 0xF8F8F8, 0x767676, 0x000000, 0x000000, 0x000000, 0x24252C, 0x494C5B, 0x494C5B,
    0x494C5B, 0x333640, 0x000000, 0x000000, 0x000000, 0x353535, 0xEFEFEF, 0xF6F6F6, 0xF6F6F6, 0xF6F6F6, 0xF6F6F6, 0xF6F6F6,
    0xF6F6F6, 0xEFEFEF, 0x353535, 0x000000, 0x000000, 0x000000, 0x333640, 0x494C5B, 0x494C5B, 0x494C5B, 0x24252C, 0x000000,
    0x000000, 0x000000, 0x767676, 0xF8F8F8, 0xF6F6F6, 0xF6F6F6, 0xF6F6F6, 0xF6F6F6, 0xF6F6F6, 0xF6F6F6, 0xF6F6F6, 0xF6F6F6,
    0xF6F6F6, 0xF6F6F6, 0xF6F6F6, 0xF6F6F6, 0xF6F6F6, 0xF6F6F6, 0xF6F6F6, 0xF6F6F6, 0xF6F6F6, 0xF6F6F6, 0xF6F6F6, 0xF6F6F6,
    0xF6F6F6, 0xF6F6F6, 0xF6F6F6, 0xF6F6F6, 0xF6F6F6, 0xF6F6F6, 0xF6F6F6, 0xF6F6F6, 0xF6F6F6, 0xF6F6F6, 0xF6F6F6, 0xF6F6F6,
    0xF6F6F6, 0xF6F6F6, 0xF6F6F6, 0xF6F6F6, 0xF6F6F6, 0xF6F6F6, 0xF6F6F6, 0xF6F6F6, 0xF6F6F6, 0xF6F6F6, 0xF6F6F6, 0xF6F6F6,
    0xF6F6F6, 0xF6F6F6, 0xF6F6F6, 0xF6F6F6, 0xF6F6F6, 0xF6F6F6, 0xF6F6F6, 0xF6F6F6, 0xF6F6F6, 0xF6F6F6, 0xF6F6F6, 0xF6F6F6,
    0xF6F6F6, 0xF6F6F6, 0xF6F6F6, 0xF6F6F6, 0xF6F6F6, 0xF6F6F6, 0xF6F6F6, 0xF6F6F6, 0xF8F8F8, 0x767676, 0x000000, 0x000000,
    0x000000, 0x24252B, 0x464957, 0x464956, 0x464956, 0x33353F, 0x000000, 0x000000, 0x000000, 0x353535, 0xEFEFEF, 0xF6F6F6,
    0xF6F6F6, 0xF6F6F6, 0xF6F6F6, 0xF6F6F6, 0xF6F6F6, 0xEFEFEF, 0x353535, 0x000000, 0x000000, 0x000000, 0x33353E, 0x464956,
    0x464956, 0x464957, 0x24252B, 0x000000, 0x000000, 0x000000, 0x767676, 0xF8F8F8, 0xF6F6F6, 0xF6F6F6, 0xF6F6F6, 0xF6F6F6,
    0xF6F6F6, 0xF6F6F6, 0xF6F6F6, 0xF6F6F6, 0xF6F6F6, 0xF6F6F6, 0xF6F6F6, 0xF6F6F6, 0xF6F6F6, 0xF6F6F6, 0xF6F6F6, 0xF6F6F6,
    0xF6F6F6, 0xF6F6F6, 0xF6F6F6, 0xF6F6F6, 0xF6F6F6, 0xF6F6F6, 0xF6F6F6, 0xF6F6F6, 0xF6F6F6, 0xF6F6F6, 0xF6F6F6, 0xF6F6F6,
    0xF6F6F6, 0xF6F6F6, 0xF6F6F6, 0xF6F6F6, 0xF6F6F6, 0xF6F6F6, 0xF6F6F6, 0xF6F6F6, 0xF6F6F6, 0xF6F6F6, 0xF6F6F6, 0xF6F6F6,
    0xF6F6F6, 0xF6F6F6, 0xF6F6F6, 0xF6F6F6, 0xF6F6F6, 0xF6F6F6, 0xF6F6F6, 0xF6F6F6, 0xF6F6F6, 0xF6F6F6, 0xF6F6F6, 0xF6F6F6,
    0xF6F6F6, 0xF6F6F6, 0xF6F6F6, 0xF6F6F6, 0xF6F6F6, 0xF6F6F6, 0xF6F6F6, 0xF6F6F6, 0xF6F6F6, 0xF6F6F6, 0xF6F6F6, 0xF6F6F6,
    0xF8F8F8, 0x767676, 0x000000, 0x000000, 0x000000, 0x050506, 0x0A0A0B, 0x090A0B, 0x090A0B, 0x070809, 0x000000, 0x000000,
    0x000000, 0x353535, 0xEFEFEF, 0xF6F6F6, 0xF6F6F6, 0xF6F6F6, 0xF6F6F6, 0xF6F6F6, 0xF6F6F6, 0xEFEFEF, 0x353535, 0x000000,
    0x000000, 0x000000, 0x070809, 0x090A0B, 0x090A0B, 0x0A0A0B, 0x050506, 0x000000, 0x000000, 0x000000, 0x767676, 0xF8F8F8,
    0xF6F6F6, 0xF6F6F6, 0xF6F6F6, 0xF6F6F6, 0xF6F6F6, 0xF6F6F6, 0xF6F6F6, 0xF6F6F6, 0xF6F6F6, 0xF6F6F6, 0xF6F6F6, 0xF6F6F6,
    0xF6F6F6, 0xF6F6F6, 0xF6F6F6, 0xF6F6F6, 0xF6F6F6, 0xF6F6F6, 0xF6F6F6, 0xF6F6F6, 0xF6F6F6, 0xF6F6F6, 0xF6F6F6, 0xF6F6F6,
    0xF6F6F6, 0xF6F6F6, 0xF6F6F6, 0xF6F6F6, 0xF6F6F6, 0xF6F6F6, 0xF6F6F6, 0xF6F6F6, 0xF6F6F6, 0xF6F6F6, 0xF6F6F6, 0xF6F6F6,
    0xF6F6F6, 0xF6F6F6, 0xF6F6F6, 0xF6F6F6, 0xF6F6F6, 0xF6F6F6, 0xF6F6F6, 0xF6F6F6, 0xF6F6F6, 0xF6F6F6, 0xF6F6F6, 0xF6F6F6,
    0xF6F6F6, 0xF6F6F6, 0xF6F6F6, 0xF6F6F6, 0xF6F6F6, 0xF6F6F6, 0xF6F6F6, 0xF6F6F6, 0xF6F6F6, 0xF6F6F6, 0xF6F6F6, 0xF6F6F6,
    0xF6F6F6, 0xF6F6F6, 0xF6F6F6, 0xF6F6F6, 0xF8F8F8, 0x767676, 0x000000, 0x000000, 0x000000, 0x000000, 0x000000, 0x000000,
    0x000000, 0x000000, 0x000000, 0x000000, 0x000000, 0x353535, 0xEFEFEF, 0xF6F6F6, 0xF6F6F6, 0xF6F6F6, 0xF6F6F6, 0xF6F6F6,
    0xF6F6F6, 0xEFEFEF, 0x353535, 0x000000, 0x000000, 0x000000, 0x000000, 0x000000, 0x000000, 0x000000, 0x000000, 0x000000,
    0x000000, 0x000000, 0x767676, 0xF8F8F8, 0xF6F6F6, 0xF6F6F6, 0xF6F6F6, 0xF6F6F6, 0xF6F6F6, 0xF6F6F6, 0xF6F6F6, 0xF6F6F6,
    0xF6F6F6, 0xF6F6F6, 0xF6F6F6, 0xF6F6F6, 0xF6F6F6, 0xF6F6F6, 0xF6F6F6, 0xF6F6F6, 0xF6F6F6, 0xF6F6F6, 0xF6F6F6, 0xF6F6F6,
    0xF6F6F6, 0xF6F6F6, 0xF6F6F6, 0xF6F6F6, 0xF6F6F6, 0xF6F6F6, 0xF6F6F6, 0xF6F6F6, 0xF6F6F6, 0xF6F6F6, 0xF6F6F6, 0xF6F6F6,
    0xF6F6F6, 0xF6F6F6, 0xF6F6F6, 0xF6F6F6, 0xF6F6F6, 0xF6F6F6, 0xF6F6F6, 0xF6F6F6, 0xF6F6F6, 0xF6F6F6, 0xF6F6F6, 0xF6F6F6,
    0xF6F6F6, 0xF6F6F6, 0xF6F6F6, 0xF6F6F6, 0xF6F6F6, 0xF6F6F6, 0xF6F6F6, 0xF6F6F6, 0xF6F6F6, 0xF6F6F6, 0xF6F6F6, 0xF6F6F6,
    0xF6F6F6, 0xF6F6F6, 0xF6F6F6, 0xF6F6F6, 0xF6F6F6, 0xF6F6F6, 0xF6F6F6, 0xF6F6F6, 0xF8F8F8, 0x767676, 0x000000, 0x000000,
    0x000000, 0x000000, 0x000000, 0x000000, 0x000000, 0x000000, 0x000000, 0x000000, 0x000000, 0x353535, 0xEFEFEF, 0xF6F6F6,
    0xF6F6F6, 0xF6F6F6, 0xF6F6F6, 0xF6F6F6, 0xF6F6F6, 0xEFEFEF, 0x353535, 0x000000, 0x000000, 0x000000, 0x000000, 0x000000,
    0x000000, 0x000000, 0x000000, 0x000000, 0x000000, 0x000000, 0x767676, 0xF8F8F8, 0xF6F6F6, 0xF6F6F6, 0xF6F6F6, 0xF6F6F6,
    0xF6F6F6, 0xF6F6F6, 0xF6F6F6, 0xF6F6F6, 0xF6F6F6, 0xF6F6F6, 0xF6F6F6, 0xF6F6F6, 0xF6F6F6, 0xF6F6F6, 0xF6F6F6, 0xF6F6F6,
    0xF6F6F6, 0xF6F6F6, 0xF6F6F6, 0xF6F6F6, 0xF6F6F6, 0xF6F6F6, 0xF6F6F6, 0xF6F6F6, 0xF6F6F6, 0xF6F6F6, 0xF6F6F6, 0xF6F6F6,
    0xF6F6F6, 0xF6F6F6, 0xF6F6F6, 0xF6F6F6, 0xF6F6F6, 0xF6F6F6, 0xF6F6F6, 0xF6F6F6, 0xF6F6F6, 0xF6F6F6, 0xF6F6F6, 0xF6F6F6,
    0xF6F6F6, 0xF6F6F6, 0xF6F6F6, 0xF6F6F6, 0xF6F6F6, 0xF6F6F6, 0xF6F6F6, 0xF6F6F6, 0xF6F6F6, 0xF6F6F6, 0xF6F6F6, 0xF6F6F6,
    0xF6F6F6, 0xF6F6F6, 0xF6F6F6, 0xF6F6F6, 0xF6F6F6, 0xF6F6F6, 0xF6F6F6, 0xF6F6F6, 0xF6F6F6, 0xF6F6F6, 0xF6F6F6, 0xF6F6F6,
    0xF8F8F8, 0x757575, 0x000000, 0x000000, 0x000000, 0x000000, 0x000000, 0x000000, 0x000000, 0x000000, 0x000000, 0x000000,
    0x000000, 0x353535, 0xEFEFEF, 0xF6F6F6, 0xF6F6F6, 0xF6F6F6, 0xF6F6F6, 0xF6F6F6, 0xF6F6F6, 0xEFEFEF, 0x353535, 0x000000,
    0x000000, 0x000000, 0x000000, 0x000000, 0x000000, 0x000000, 0x000000, 0x000000, 0x000000, 0x000000, 0x757575, 0xF8F8F8,
    0xF6F6F6, 0xF6F6F6, 0xF6F6F6, 0xF6F6F6, 0xF6F6F6, 0xF6F6F6, 0xF6F6F6, 0xF6F6F6, 0xF6F6F6, 0xF6F6F6, 0xF6F6F6, 0xF6F6F6,
    0xF6F6F6, 0xF6F6F6, 0xF6F6F6, 0xF6F6F6, 0xF6F6F6, 0xF6F6F6, 0xF6F6F6, 0xF6F6F6, 0xF6F6F6, 0xF6F6F6, 0xF6F6F6, 0xF6F6F6,
    0xF6F6F6, 0xF6F6F6, 0xF6F6F6, 0xF6F6F6, 0xF6F6F6, 0xF6F6F6, 0xF6F6F6, 0xF6F6F6, 0xF6F6F6, 0xF6F6F6, 0xF6F6F6, 0xF6F6F6,
    0xF6F6F6, 0xF6F6F6, 0xF6F6F6, 0xF6F6F6, 0xF6F6F6, 0xF6F6F6, 0xF6F6F6, 0xF6F6F6, 0xF6F6F6, 0xF6F6F6, 0xF6F6F6, 0xF6F6F6,
    0xF6F6F6, 0xF6F6F6, 0xF6F6F6, 0xF6F6F6, 0xF6F6F6, 0xF6F6F6, 0xF6F6F6, 0xF6F6F6, 0xF6F6F6, 0xF6F6F6, 0xF6F6F6, 0xF6F6F6,
    0xF6F6F6, 0xF6F6F6, 0xF6F6F6, 0xF6F6F6, 0xF6F6F6, 0xE3E3E3, 0xD1D1D1, 0xD1D1D1, 0xD1D1D1, 0xD1D1D1, 0xD1D1D1, 0xD1D1D1,
    0xD1D1D1, 0xD1D1D1, 0xD1D1D1, 0xD1D1D1, 0xD1D1D1, 0xD9D9D9, 0xF5F5F5, 0xF6F6F6, 0xF6F6F6, 0xF6F6F6, 0xF6F6F6, 0xF6F6F6,
    0xF6F6F6, 0xF5F5F5, 0xD9D9D9, 0xD1D1D1, 0xD1D1D1, 0xD1D1D1, 0xD1D1D1, 0xD1D1D1, 0xD1D1D1, 0xD1D1D1, 0xD1D1D1, 0xD1D1D1,
    0xD1D1D1, 0xD1D1D1, 0xE3E3E3, 0xF6F6F6, 0xF6F6F6, 0xF6F6F6, 0xF6F6F6, 0xF6F6F6, 0xF6F6F6, 0xF6F6F6, 0xF6F6F6, 0xF6F6F6,
    0xF6F6F6, 0xF6F6F6, 0xF6F6F6, 0xF6F6F6, 0xF6F6F6, 0xF6F6F6, 0xF6F6F6, 0xF6F6F6, 0xF6F6F6, 0xF6F6F6, 0xF6F6F6, 0xF6F6F6,
    0xF6F6F6, 0xF6F6F6, 0xF6F6F6, 0xF6F6F6, 0xF6F6F6, 0xF6F6F6, 0xF6F6F6, 0xF6F6F6, 0xF6F6F6, 0xF6F6F6, 0xF6F6F6, 0xF6F6F6,
    0xF6F6F6, 0xF6F6F6, 0xF6F6F6, 0xF6F6F6, 0xF6F6F6, 0xF6F6F6, 0xF6F6F6, 0xF6F6F6, 0xF6F6F6, 0xF6F6F6, 0xF6F6F6, 0xF6F6F6,
    0xF6F6F6, 0xF6F6F6, 0xF6F6F6, 0xF6F6F6, 0xF6F6F6, 0xF6F6F6, 0xF6F6F6, 0xF6F6F6, 0xF6F6F6, 0xF6F6F6, 0xF6F6F6, 0xF6F6F6,
    0xF6F6F6, 0xF6F6F6, 0xF6F6F6, 0xF6F6F6, 0xF6F6F6, 0xF6F6F6, 0xF6F6F6, 0xF6F6F6, 0xF6F6F6, 0xF6F6F6, 0xF6F6F6, 0xF6F6F6,
    0xF6F6F6, 0xF6F6F6, 0xF6F6F6, 0xF6F6F6, 0xF6F6F6, 0xF6F6F6, 0xF6F6F6, 0xF6F6F6, 0xF6F6F6, 0xF6F6F6, 0xF6F6F6, 0xF6F6F6,
    0xF6F6F6, 0xF6F6F6, 0xF6F6F6, 0xF6F6F6, 0xF6F6F6, 0xF6F6F6, 0xF6F6F6, 0xF6F6F6, 0xF6F6F6, 0xF6F6F6, 0xF6F6F6, 0xF6F6F6,
    0xF6F6F6, 0xF6F6F6, 0xF6F6F6, 0xF6F6F6, 0xF6F6F6, 0xF6F6F6, 0xF6F6F6, 0xF6F6F6, 0xF6F6F6, 0xF6F6F6, 0xF6F6F6, 0xF6F6F6,
    0xF6F6F6, 0xF6F6F6, 0xF6F6F6, 0xF6F6F6, 0xF6F6F6, 0xF6F6F6, 0xF6F6F6, 0xF6F6F6, 0xF6F6F6, 0xF6F6F6, 0xF6F6F6, 0xF6F6F6,
    0xF6F6F6, 0xF6F6F6, 0xF6F6F6, 0xF6F6F6, 0xF6F6F6, 0xF6F6F6, 0xF6F6F6, 0xF6F6F6, 0xF6F6F6, 0xF6F6F6, 0xF6F6F6, 0xF6F6F6,
    0xF6F6F6, 0xF6F6F6, 0xF6F6F6, 0xF6F6F6, 0xF6F6F6, 0xF6F6F6, 0xF6F6F6, 0xF6F6F6, 0xF6F6F6, 0xF6F6F6, 0xF6F6F6, 0xF6F6F6,
    0xF6F6F6, 0xF6F6F6, 0xF6F6F6, 0xF6F6F6, 0xF6F6F6, 0xF6F6F6, 0xF6F6F6, 0xF6F6F6, 0xF6F6F6, 0xF6F6F6, 0xF6F6F6, 0xF6F6F6,
    0xF6F6F6, 0xF6F6F6, 0xF6F6F6, 0xF6F6F6, 0xF6F6F6, 0xF6F6F6, 0xF6F6F6, 0xF6F6F6, 0xF6F6F6, 0xF6F6F6, 0xF6F6F6, 0xF6F6F6,
    0xF6F6F6, 0xF6F6F6, 0xF6F6F6, 0xF6F6F6, 0xF6F6F6, 0xF6F6F6, 0xF6F6F6, 0xF6F6F6, 0xF6F6F6, 0xF6F6F6, 0xF6F6F6, 0xF6F6F6,
    0xF6F6F6, 0xF6F6F6, 0xF6F6F6, 0xF6F6F6, 0xF6F6F6, 0xF6F6F6, 0xF6F6F6, 0xF6F6F6, 0xF6F6F6, 0xF6F6F6, 0xF6F6F6, 0xF6F6F6,
    0xF6F6F6, 0xF6F6F6, 0xF6F6F6, 0xF6F6F6, 0xF6F6F6, 0xF6F6F6, 0xF6F6F6, 0xF6F6F6, 0xF6F6F6, 0xF6F6F6, 0xF6F6F6, 0xF6F6F6,
    0xF6F6F6, 0xF6F6F6, 0xF6F6F6, 0xF6F6F6, 0xF6F6F6, 0xF6F6F6, 0xF6F6F6, 0xF6F6F6, 0xF6F6F6, 0xF6F6F6, 0xF6F6F6, 0xF6F6F6,
    0xF6F6F6, 0xF6F6F6, 0xF6F6F6, 0xF6F6F6, 0xF6F6F6, 0xF6F6F6, 0xF6F6F6, 0xF6F6F6, 0xF6F6F6, 0xF6F6F6, 0xF6F6F6, 0xF6F6F6,
    0xF6F6F6, 0xF6F6F6, 0xF6F6F6, 0xF6F6F6, 0xF6F6F6, 0xF6F6F6, 0xF6F6F6, 0xF6F6F6, 0xF6F6F6, 0xF6F6F6, 0xF6F6F6, 0xF6F6F6,
    0xF6F6F6, 0xF6F6F6, 0xF6F6F6, 0xF6F6F6, 0xF6F6F6, 0xF6F6F6, 0xF6F6F6, 0xF6F6F6, 0xF6F6F6, 0xF6F6F6, 0xF6F6F6, 0xF6F6F6,
    0xF6F6F6, 0xF6F6F6, 0xF6F6F6, 0xF6F6F6, 0xF6F6F6, 0xF6F6F6, 0xF6F6F6, 0xF6F6F6, 0xF6F6F6, 0xF6F6F6, 0xF6F6F6, 0xF6F6F6,
    0xF6F6F6, 0xF6F6F6, 0xF6F6F6, 0xF6F6F6, 0xF6F6F6, 0xF6F6F6, 0xF6F6F6, 0xF6F6F6, 0xF6F6F6, 0xF6F6F6, 0xF6F6F6, 0xF6F6F6,
    0xF6F6F6, 0xF6F6F6, 0xF6F6F6, 0xF6F6F6, 0xF6F6F6, 0xF6F6F6, 0xF6F6F6, 0xF6F6F6, 0xF6F6F6, 0xF6F6F6, 0xF6F6F6, 0xF6F6F6,
    0xF6F6F6, 0xF6F6F6, 0xF6F6F6, 0xF6F6F6, 0xF6F6F6, 0xF6F6F6, 0xF6F6F6, 0xF6F6F6, 0xF6F6F6, 0xF6F6F6, 0xF6F6F6, 0xF6F6F6,
    0xF6F6F6, 0xF6F6F6, 0xF6F6F6, 0xF6F6F6, 0xF6F6F6, 0xF6F6F6, 0xF6F6F6, 0xF6F6F6, 0xF6F6F6, 0xF6F6F6, 0xF6F6F6, 0xF6F6F6,
    0xF6F6F6, 0xF6F6F6, 0xF6F6F6, 0xF6F6F6, 0xF6F6F6, 0xF6F6F6, 0xF6F6F6, 0xF6F6F6, 0xF6F6F6, 0xF6F6F6, 0xF6F6F6, 0xF6F6F6,
    0xF6F6F6, 0xF6F6F6, 0xF6F6F6, 0xF6F6F6, 0xF6F6F6, 0xF6F6F6, 0xF6F6F6, 0xF6F6F6, 0xF6F6F6, 0xF6F6F6, 0xF6F6F6, 0xF6F6F6,
    0xF6F6F6, 0xF6F6F6, 0xF6F6F6, 0xF6F6F6, 0xF6F6F6, 0xF6F6F6, 0xF6F6F6, 0xF6F6F6, 0xF6F6F6, 0xF6F6F6, 0xF6F6F6, 0xF6F6F6,
    0xF6F6F6, 0xF6F6F6, 0xF6F6F6, 0xF6F6F6, 0xF6F6F6, 0xF6F6F6, 0xF6F6F6, 0xF6F6F6, 0xF6F6F6, 0xF6F6F6, 0xF6F6F6, 0xF6F6F6,
    0xF6F6F6, 0xF6F6F6, 0xF6F6F6, 0xF6F6F6, 0xF6F6F6, 0xF6F6F6, 0xF6F6F6, 0xF6F6F6, 0xF6F6F6, 0xF6F6F6, 0xF6F6F6, 0xF6F6F6,
    0xF6F6F6, 0xF6F6F6, 0xF6F6F6, 0xF6F6F6, 0xF6F6F6, 0xF6F6F6, 0xF6F6F6, 0xF6F6F6, 0xF6F6F6, 0xF6F6F6, 0xF6F6F6, 0xF6F6F6,
    0xF6F6F6, 0xF6F6F6, 0xF6F6F6, 0xF6F6F6, 0xF6F6F6, 0xF6F6F6, 0xF6F6F6, 0xF6F6F6, 0xF6F6F6, 0xF6F6F6, 0xF6F6F6, 0xF6F6F6,
    0xF6F6F6, 0xF6F6F6, 0xF6F6F6, 0xF6F6F6, 0xF6F6F6, 0xF6F6F6, 0xF6F6F6, 0xF6F6F6, 0xF6F6F6, 0xF6F6F6, 0xF6F6F6, 0xF6F6F6,
    0xF6F6F6, 0xF6F6F6, 0xF6F6F6, 0xF6F6F6, 0xF6F6F6, 0xF6F6F6, 0xF6F6F6, 0xF6F6F6, 0xF6F6F6, 0xF6F6F6, 0xF6F6F6, 0xF6F6F6,
    0xF6F6F6, 0xF6F6F6, 0xF6F6F6, 0xF6F6F6, 0xF6F6F6, 0xF6F6F6, 0xF6F6F6, 0xF6F6F6, 0xF6F6F6, 0xF6F6F6, 0xF6F6F6, 0xF6F6F6,
    0xF6F6F6, 0xF6F6F6, 0xF6F6F6, 0xF6F6F6
};
// --- end inlined pixel array ---

// main.c
#include <stdint.h>
#include <stddef.h>

#ifndef LED_MATRIX_BASE
// Default peripheral base address. Change this to the BASE you set for the LED Matrix in Ripes I/O.
#define LED_MATRIX_BASE 0xf0000000U
#endif

#ifndef WIDTH
#define WIDTH 100
#endif
#ifndef HEIGHT
#define HEIGHT 100
#endif

int main(void) {
    volatile uint32_t *led_mem = (volatile uint32_t *)LED_MATRIX_BASE;
    const size_t total_pixels = (size_t)WIDTH * (size_t)HEIGHT;

    // Simple safety check: avoid overflow if pixels array missing or wrong size.
    // (If you compiled with a real pixels.h containing 10000 elements this check is optional.)
    // We'll copy min(total_pixels, 10000).
    size_t to_copy = total_pixels < 10000 ? total_pixels : 10000;

    for (size_t i = 0; i < to_copy; ++i) {
        // Each pixel value is expected as 0x00RRGGBB (R in bits 23..16, G in 15..8, B in 7..0)
        led_mem[i] = pixels[i];
    }

    // If you want the program to keep running/looped for a simulator to show output, loop here.

    return 0;
}

