// --- begin inlined pixel array (100x100) ---
#include <stdint.h>

static const uint32_t pixels[10000] = {
    0xE0887D, 0xE28779, 0xDF8574, 0xDD8570, 0xDD836B, 0xDD806F, 0xDF826F, 0xE48A73, 0xE89377, 0xEB9679, 0xE98C74, 0xD86F6C,
    0xAD465A, 0x9C3F59, 0xA84859, 0xB14B59, 0xAF4C56, 0xB14C58, 0xB24D58, 0xAF4B55, 0xB34E55, 0xBF5459, 0xC25959, 0xC75D5B,
    0xCB605C, 0xCD6360, 0xCB6465, 0xCD6561, 0xCB615E, 0xCA635D, 0xCC6562, 0xCF6562, 0xD06662, 0xD26462, 0xD06663, 0xCF6561,
    0xCE6664, 0xCD6663, 0xD16862, 0xCF6865, 0xCC686A, 0xCB6767, 0xCA645E, 0xCC6460, 0xCA6765, 0xCD6461, 0xD0645F, 0xD06761,
    0xD0665F, 0xCF6564, 0xCD6966, 0xCB625F, 0xCD6462, 0xCA6261, 0xCA6463, 0xC86260, 0xCB6263, 0xC96062, 0xC76060, 0xC35E62,
    0xBD5A61, 0xB0545B, 0xAF4A53, 0xC9605D, 0xD6776D, 0xDC8571, 0xDC8970, 0xDB7D69, 0xDC7E6B, 0xDC8071, 0xDE8371, 0xDD806A,
    0xDD7F68, 0xDE7E68, 0xDD8066, 0xDC836A, 0xDC856F, 0xDB826E, 0xDF8D6D, 0xF4C78F, 0xF9D3A0, 0xFCD59B, 0xCA816F, 0xA14456,
    0xB4575D, 0xB95C5F, 0xBB5C5D, 0xBC5D5F, 0xBA5E64, 0xBF5A5B, 0xC15B5D, 0xC25E5F, 0xC25F60, 0xC05B5D, 0xC16064, 0xC4605F,
    0xC15C5D, 0xB75158, 0xD57670, 0xE58C76, 0xE08472, 0xE28472, 0xE1826D, 0xE0816B, 0xDF8069, 0xDE7F6A, 0xDE806A, 0xE58A6F,
    0xEB9376, 0xEC9574, 0xE9896B, 0xD56962, 0xAE4456, 0x9E3852, 0xAA4255, 0xB14854, 0xB14651, 0xB04853, 0xB24851, 0xB14952,
    0xB44D55, 0xBD5458, 0xC45A5A, 0xC85C59, 0xCB5C5A, 0xCC615D, 0xCC625E, 0xCC6260, 0xCD625F, 0xCD635E, 0xCE635E, 0xCF6460,
    0xD06662, 0xD3655F, 0xD2645F, 0xD0645F, 0xCF6362, 0xD06561, 0xCE6462, 0xCF6461, 0xCD6364, 0xCC6564, 0xCB625F, 0xCC615E,
    0xCA6663, 0xCC615D, 0xCD625D, 0xCF6560, 0xCF625E, 0xCF625F, 0xCE6562, 0xCC615D, 0xCB615F, 0xCA605F, 0xC9605F, 0xC9605F,
    0xCB6160, 0xCB605F, 0xC85F5E, 0xC45C5E, 0xBD595F, 0xB65259, 0xAE4953, 0xC0585A, 0xD3716A, 0xDA8072, 0xDE8873, 0xDD806B,
    0xDD7E69, 0xDE806B, 0xDD806B, 0xDF8169, 0xDF7F66, 0xDF8069, 0xDE8067, 0xDD8167, 0xDC826D, 0xDC826C, 0xDA8068, 0xEEB484,
    0xF9D29C, 0xFDD79C, 0xE3A87B, 0xA84C56, 0xAF515A, 0xBB595B, 0xBC5B5C, 0xBC5C5E, 0xBC5C60, 0xBD5B5E, 0xC25E5C, 0xC25E5D,
    0xC25D5C, 0xC25C5C, 0xC45E5F, 0xC55E5E, 0xC35F5E, 0xC9605F, 0xAE4F57, 0x7C2D4B, 0xE1826C, 0xE1816B, 0xE2826A, 0xE1816B,
    0xE18069, 0xE07F68, 0xE2846A, 0xE79070, 0xE99371, 0xEB926C, 0xE68566, 0xD56559, 0xAE4351, 0x9E384E, 0xAA4050, 0xB24551,
    0xB24954, 0xB14952, 0xB2454E, 0xB0454E, 0xB64D54, 0xBD5355, 0xC3585B, 0xC65C5B, 0xCC5D58, 0xCD5E59, 0xCD5F5C, 0xCD625E,
    0xCF635F, 0xCE615E, 0xCF615C, 0xCF625E, 0xD0635F, 0xD3645F, 0xD3645F, 0xD0635F, 0xD16461, 0xD2625E, 0xCF6361, 0xCF6261,
    0xCF625F, 0xCF6360, 0xCE615E, 0xCE605C, 0xCD6260, 0xCE615C, 0xCE625E, 0xD16561, 0xCF6460, 0xCE615E, 0xCE625E, 0xCE635F,
    0xCC615F, 0xCC605D, 0xCA5F5E, 0xCB5F5F, 0xCA5F5E, 0xCB5F5E, 0xCA615F, 0xC55E60, 0xC0595E, 0xB7535B, 0xB04E59, 0xAE4B58,
    0xCA6467, 0xDA7871, 0xDF8473, 0xE18670, 0xDF836D, 0xE2866D, 0xE3876D, 0xE2846C, 0xE08269, 0xDF8168, 0xE08067, 0xDE7F66,
    0xDB7E6A, 0xDB816B, 0xD77B68, 0xDF8D6F, 0xF6C790, 0xFBD49D, 0xFDD598, 0xCA7D69, 0xA74655, 0xB75559, 0xBB585D, 0xBB5A5C,
    0xBF5B5C, 0xBD595B, 0xBE5B5D, 0xC05B5C, 0xC25C5C, 0xC35D5D, 0xC65D5B, 0xC75F5F, 0xD16963, 0xA84751, 0x5D163F, 0x52103D,
    0xE1826E, 0xE18169, 0xE28269, 0xE3836A, 0xE07F6A, 0xE0816C, 0xE58C70, 0xE69170, 0xE78F70, 0xE88C6E, 0xE48067, 0xD5675F,
    0xAD4655, 0x9E384C, 0xAB424E, 0xB3454F, 0xB44A52, 0xB14753, 0xB14751, 0xB1454D, 0xB74C52, 0xBF5355, 0xC45658, 0xC75B5B,
    0xCB5C59, 0xCD5F5B, 0xCE605D, 0xCF625D, 0xD0625E, 0xD06360, 0xD0625E, 0xD0635F, 0xD1625E, 0xD26360, 0xD26561, 0xD16360,
    0xD3635F, 0xD2615E, 0xD06363, 0xD06361, 0xD06463, 0xD06462, 0xD06462, 0xCD6260, 0xCD6460, 0xCD615E, 0xCF625D, 0xD26864,
    0xD26765, 0xCE6460, 0xCD6360, 0xCF6461, 0xCC605E, 0xCD605F, 0xCC605E, 0xCC5D5E, 0xCC6060, 0xCC6161, 0xCD5F5F, 0xC66062,
    0xC15B60, 0xBC545B, 0xB4525C, 0xAC4756, 0xBC5861, 0xD6746F, 0xDD8072, 0xE18A74, 0xE28873, 0xE38871, 0xE48B72, 0xE4886E,
    0xE2846C, 0xE2846D, 0xE18068, 0xE08069, 0xDB7E6A, 0xDA7E6C, 0xD97F6C, 0xD77866, 0xECA77A, 0xFAD19A, 0xFDD8A2, 0xF1BD8A,
    0xB2575B, 0xAD4C57, 0xB9565B, 0xBD585C, 0xC05B5B, 0xBF5D5D, 0xBD5D5F, 0xC05E60, 0xC26060, 0xC7605F, 0xCC6360, 0xD46962,
    0x9F3F4E, 0x58133F, 0x581742, 0x5E173E, 0xE0806C, 0xE2826D, 0xE4846B, 0xE3846E, 0xE0806D, 0xE1846F, 0xE68F72, 0xE58E6F,
    0xE48C6F, 0xE4886D, 0xE48068, 0xD66A62, 0xAD4754, 0x9D384B, 0xAD404B, 0xB24851, 0xB3474F, 0xB1474F, 0xB0464D, 0xB2464D,
    0xB74C52, 0xBD5154, 0xC35757, 0xC85956, 0xCA5C59, 0xCD5F5C, 0xCE605C, 0xCF615D, 0xCE615F, 0xCF615F, 0xCE615E, 0xD0615D,
    0xD0615C, 0xD1625E, 0xD2625F, 0xD1605B, 0xD0615E, 0xD16360, 0xD16260, 0xD35F5A, 0xD15F5D, 0xCF5F5D, 0xCE605E, 0xCD615F,
    0xCC615E, 0xCC5F5C, 0xCC605C, 0xCF6363, 0xCF6667, 0xCF6361, 0xCE6261, 0xCE6360, 0xCD605D, 0xCD5F5D, 0xCC5E5C, 0xCB5D5C,
    0xCB5F5C, 0xCE5D5B, 0xCE5E5B, 0xC85D5D, 0xC05D64, 0xBF575E, 0xB44E58, 0xAD4B58, 0xB4525D, 0xD06D6B, 0xDC7F75, 0xE08978,
    0xE38A75, 0xE38870, 0xE18871, 0xE3896E, 0xE1866C, 0xE1826C, 0xE1816B, 0xDD806B, 0xDB7D6A, 0xDB7E6A, 0xD97E6C, 0xD67969,
    0xDA8169, 0xF5C28B, 0xFAD49F, 0xFEDA9E, 0xD69370, 0xA94752, 0xB55459, 0xBB595B, 0xBE5A5C, 0xBF5C5D, 0xBE5A5C, 0xBE5F62,
    0xC36264, 0xCC6464, 0xD76C66, 0x9F4252, 0x561540, 0x561741, 0x5C173F, 0x61183E, 0xE2826D, 0xE4836D, 0xE5846B, 0xE3846C,
    0xE2856F, 0xE68D72, 0xE79173, 0xE58D6F, 0xE1856D, 0xE3886E, 0xE68469, 0xD86759, 0xAE404B, 0x9C3448, 0xAB404C, 0xB24650,
    0xB34851, 0xB04952, 0xB0464F, 0xB3464F, 0xB74B4F, 0xBD5154, 0xC45858, 0xC75A58, 0xC95D5A, 0xCC5E5A, 0xCB5E5C, 0xCD5F5C,
    0xCD5E5D, 0xCE6060, 0xCD6062, 0xCF615F, 0xD0605D, 0xD0605E, 0xD3605F, 0xD25D5B, 0xD0605E, 0xD16566, 0xD26462, 0xD15C5A,
    0xCE5956, 0xCD5855, 0xCD5B59, 0xCD5D5C, 0xCB5B5B, 0xCB5D5B, 0xCB5D5B, 0xCD5F5E, 0xCD6161, 0xCE6262, 0xCF6362, 0xCD615F,
    0xCB5D5B, 0xCB5E5E, 0xCB5E5D, 0xCC5D5B, 0xCB5E5B, 0xCC5C5B, 0xCD5E5E, 0xCA5E5D, 0xC35A60, 0xBF5860, 0xB84F57, 0xB24A55,
    0xB85462, 0xCF686C, 0xDA7C76, 0xE08678, 0xE18976, 0xE18774, 0xE08671, 0xE1866C, 0xE28668, 0xE0836A, 0xE0826C, 0xE0806C,
    0xDD806E, 0xDC806C, 0xDB7E6B, 0xD87C6C, 0xD47365, 0xE79E75, 0xFAD197, 0xFBD8A1, 0xF8CE93, 0xBB665C, 0xAE4A55, 0xBB5A5B,
    0xBF5C5D, 0xC05B5C, 0xBE5A5C, 0xBE5C5F, 0xC46160, 0xD46B66, 0x9E3A4D, 0x57113F, 0x571540, 0x5B133B, 0x63153A, 0x651B3F,
    0xE3846E, 0xE3846C, 0xE4876C, 0xE48770, 0xE68C72, 0xE89273, 0xE89271, 0xE68A6A, 0xE1836B, 0xE4876C, 0xE78467, 0xD96857,
    0xAE434D, 0x9E384C, 0xAB404E, 0xB24550, 0xB24A53, 0xB04850, 0xB0444D, 0xB2454F, 0xB74A52, 0xBE5054, 0xC55657, 0xC75A59,
    0xC85B59, 0xCB5D5A, 0xCD5E5D, 0xCD5F5D, 0xCD5E5C, 0xCE5D5D, 0xCE5F60, 0xD16060, 0xD1605D, 0xCF6060, 0xCF5F61, 0xD06062,
    0xD05E5D, 0xD16262, 0xD16161, 0xD05C5A, 0xCD5957, 0xC85858, 0xC95957, 0xCB5D5C, 0xCA5D5D, 0xC95B5A, 0xCA5B59, 0xCC605F,
    0xCC6062, 0xCC6062, 0xCC6466, 0xCC6061, 0xCB5F5D, 0xCC605D, 0xCB5F5F, 0xCD5C5A, 0xCB5D5D, 0xCC5C5D, 0xCD5D5E, 0xCA5F5F,
    0xC7595E, 0xC1545C, 0xB95158, 0xB54A58, 0xBA545F, 0xCE656A, 0xD87671, 0xDE8174, 0xE18675, 0xE08675, 0xDF8572, 0xE1866E,
    0xE1846B, 0xE08469, 0xE08270, 0xE0826D, 0xDE826E, 0xDF826B, 0xDD806E, 0xDA7D6F, 0xD77768, 0xD67763, 0xF3BB7D, 0xF9D599,
    0xFEDEA5, 0xE6AF89, 0xAC4D60, 0xB65056, 0xBD5758, 0xC05C5B, 0xBF5D5D, 0xC36062, 0xD06962, 0x9E3D4F, 0x550C3F, 0x591641,
    0x5F1840, 0x63183F, 0x64173D, 0x631B3E, 0xE38670, 0xE3876D, 0xE48970, 0xE68C74, 0xE89172, 0xE98E6F, 0xE88D6A, 0xE6876A,
    0xE2846D, 0xE6886C, 0xE68167, 0xD76557, 0xAD3E48, 0x9B3347, 0xAA404E, 0xB2464F, 0xB0454D, 0xAE454E, 0xAF454F, 0xB0454F,
    0xB74951, 0xBD5155, 0xC35558, 0xC45757, 0xC55A5A, 0xC95B5B, 0xCB5D59, 0xCC5E5D, 0xCD5C59, 0xCC595A, 0xCE5D5E, 0xD15E5E,
    0xD05D5A, 0xCC5D5E, 0xCF5F60, 0xD06163, 0xD05E5D, 0xD15E5E, 0xD15D5D, 0xD05B5B, 0xCD5B5A, 0xCA5858, 0xCB5857, 0xCA5654,
    0xC85552, 0xC55353, 0xC55757, 0xCA5D5C, 0xCC6163, 0xCB6366, 0xCC6466, 0xCC5F60, 0xCA5E5F, 0xCD5F5F, 0xCD5D5D, 0xCC5C5B,
    0xCC5C5D, 0xCD5C5A, 0xCD5C5B, 0xCB5C5F, 0xC8575C, 0xC1555C, 0xBB545D, 0xB74B57, 0xBC505E, 0xCE6369, 0xD67370, 0xDA7C72,
    0xDD8174, 0xDE8475, 0xDE8470, 0xDF846C, 0xE0826E, 0xDF826E, 0xDF7F6C, 0xE0836E, 0xE0826D, 0xDF806F, 0xDD7E6D, 0xDB7A6C,
    0xD97969, 0xD36D60, 0xE3916F, 0xF9D29A, 0xF9D9AB, 0xFEDAA1, 0xC97C65, 0xA84350, 0xBA5357, 0xBD575B, 0xC05E61, 0xD06865,
    0x9B3B4D, 0x550E3B, 0x56123D, 0x601C45, 0x651F46, 0x631A3F, 0x61163E, 0x5F153D, 0xE4886F, 0xE4876C, 0xE58A70, 0xE89275,
    0xE7896C, 0xE68366, 0xE68364, 0xE6876A, 0xE5866C, 0xE6886C, 0xE68268, 0xD66659, 0xAB3D4A, 0x9B3248, 0xAA4050, 0xB1464F,
    0xB3454F, 0xB14650, 0xAF464F, 0xB0454E, 0xB8484F, 0xBE5156, 0xC55657, 0xC55758, 0xC65B5A, 0xC95A58, 0xCC5B5A, 0xCA5B5D,
    0xCB5A5A, 0xCF5C5D, 0xD05E61, 0xD05D5E, 0xCE5C5C, 0xD05F5E, 0xD05E5F, 0xD05E60, 0xD05D5E, 0xD05F5E, 0xD15B5B, 0xD15859,
    0xD15C5B, 0xCD595A, 0xC95A5C, 0xC76566, 0xC56769, 0xC36262, 0xC05B5D, 0xC45355, 0xC65456, 0xC85B5E, 0xCB5F62, 0xCC5E60,
    0xCB5D60, 0xCD5E61, 0xCD6062, 0xCD5D5F, 0xCB5D5F, 0xCD5D5A, 0xCE5D5B, 0xCA5B5D, 0xC7585C, 0xBF525A, 0xBB525C, 0xB74C58,
    0xBC4F5C, 0xCC6065, 0xD5706C, 0xD8776F, 0xDB7C73, 0xDC8074, 0xDE8272, 0xDF806B, 0xDE806E, 0xDE806D, 0xE07F69, 0xE07F6B,
    0xE0806D, 0xDF7D6A, 0xDB7968, 0xD87667, 0xD97364, 0xD67161, 0xD7725E, 0xF1B783, 0xF9D8A5, 0xFDDEAB, 0xF0BD88, 0xAF5154,
    0xAE4A55, 0xB6535B, 0xC66362, 0x9F3E4D, 0x57103B, 0x56123E, 0x5E1842, 0x652047, 0x631D43, 0x611A40, 0x5E133B, 0x5C123C,
    0xE58870, 0xE4856D, 0xE88F73, 0xE98F6E, 0xE37B62, 0xE1765E, 0xE27B63, 0xE78A6B, 0xE4876E, 0xE68970, 0xE88267, 0xD9685C,
    0xAC414D, 0x9B344A, 0xAA3D4D, 0xB24350, 0xB24853, 0xB04650, 0xB2454E, 0xB3454D, 0xBB4C51, 0xC04F54, 0xC75556, 0xC85857,
    0xCB5A58, 0xCC5B58, 0xCC5C5B, 0xCC5C5D, 0xCF5C5C, 0xD15F5E, 0xD15E60, 0xD15D60, 0xCF5C5F, 0xCF6060, 0xD26160, 0xD25D5E,
    0xD35958, 0xCF5C60, 0xCD696F, 0xC96C74, 0xC5757F, 0xC47C84, 0xC78B8D, 0xCE9F99, 0xCFA49E, 0xD0A69D, 0xD0A49A, 0xCC948F,
    0xC87C7A, 0xC05F63, 0xBF5158, 0xC85559, 0xCA5C5E, 0xCA6165, 0xCB6268, 0xCD5E62, 0xCC5C5E, 0xCE5C5C, 0xCD5C5D, 0xCC5A5D,
    0xC8575B, 0xC0545C, 0xBC4F59, 0xB74A56, 0xB84D5A, 0xCC5F63, 0xD6706B, 0xD6736D, 0xD7766F, 0xDA7B72, 0xDD8071, 0xDE806E,
    0xDD7D6D, 0xDE7E6C, 0xE17F6A, 0xE27E67, 0xDF7C68, 0xDE7966, 0xD87566, 0xD77466, 0xD77263, 0xD67362, 0xD46D60, 0xE18B6E,
    0xF9CD97, 0xF9D9A9, 0xFFDEA5, 0xD58D6E, 0xAA4854, 0xC25F5E, 0x983A4B, 0x550E3A, 0x56123E, 0x5C153E, 0x621C43, 0x652147,
    0x631E44, 0x5C133B, 0x5D123A, 0x5E143C, 0xE6856C, 0xE7896F, 0xEC9370, 0xE78668, 0xDF6E58, 0xDA6557, 0xE17861, 0xE88C6B,
    0xE6896E, 0xE98B6E, 0xE88368, 0xDB6758, 0xAD3D49, 0x993246, 0xAA3B4B, 0xB1424E, 0xB2444E, 0xAF464E, 0xB3464F, 0xB6464E,
    0xBE4B51, 0xC45256, 0xCB5555, 0xCA5756, 0xCD5958, 0xD05C59, 0xCD5A57, 0xCE5C5B, 0xD05F5E, 0xD15D5D, 0xD35E5F, 0xD35C5C,
    0xD05858, 0xD05A5B, 0xD35F5D, 0xCF5D61, 0xCB636B, 0xC4747F, 0xC68187, 0xC17D83, 0xC27E85, 0xCB8E8E, 0xCD9790, 0xCF9B94,
    0xD3A99E, 0xCFA59B, 0xCEA297, 0xD5AE9E, 0xD7B6A4, 0xD7B2A4, 0xCE9790, 0xBF6369, 0xC04D54, 0xC75B5E, 0xCA5F65, 0xCD5E63,
    0xCA5C61, 0xCC5B5E, 0xCB5A5C, 0xC9585C, 0xC5545B, 0xBF5259, 0xBB5059, 0xB34B58, 0xB84D59, 0xCD6162, 0xD8706A, 0xD8736C,
    0xD6736D, 0xDA7770, 0xDB7C74, 0xDE7F70, 0xDE7C6B, 0xDE7C6B, 0xDE7A68, 0xDE7A66, 0xDE7664, 0xDC7362, 0xD97263, 0xD66E62,
    0xD76E61, 0xD57062, 0xD77060, 0xD36C60, 0xECA77A, 0xFAD8A3, 0xFCDFB0, 0xF9CF99, 0xC97062, 0x9B3C4C, 0x560E3C, 0x55123E,
    0x5C163F, 0x611942, 0x641C42, 0x62193F, 0x5B1740, 0x5D173E, 0x5F1439, 0x5C1239, 0xE6876E, 0xEB9272, 0xEB8D6D, 0xE3765E,
    0xD0564D, 0xD25A54, 0xE37F67, 0xEA8D6B, 0xE98C6D, 0xE98B6E, 0xE98468, 0xDC695A, 0xAB3B48, 0x952E46, 0xA43C4D, 0xAB3F4E,
    0xAF424D, 0xB0424C, 0xB1424C, 0xB44750, 0xB94A53, 0xC25155, 0xC75353, 0xC95656, 0xCA585A, 0xCC5858, 0xCC5857, 0xCD5B5A,
    0xD05B5C, 0xD15C5D, 0xD0595B, 0xD25A5E, 0xD0686D, 0xCC727A, 0xC56E77, 0xBD5D6A, 0xBC6B76, 0xC2757A, 0xC37277, 0xC7787A,
    0xC87E7F, 0xC88283, 0xCA8C8A, 0xCE958E, 0xCF9B93, 0xD1A196, 0xD1A396, 0xD4A899, 0xD6AE9D, 0xDBB5A2, 0xE1C1AC, 0xDCBAAA,
    0xC78382, 0xB8515C, 0xC1555E, 0xC75D63, 0xC7585F, 0xC8595F, 0xC9585C, 0xC5565B, 0xC15158, 0xBE4E57, 0xB84D57, 0xB24855,
    0xBA4D57, 0xCF5F61, 0xD9716A, 0xDA756B, 0xD8736B, 0xDA766F, 0xD87874, 0xDC7C71, 0xDE7B6C, 0xDC7667, 0xDB7563, 0xDB7362,
    0xDC7464, 0xDB7262, 0xDA7062, 0xD76E63, 0xD76D5F, 0xD86E5F, 0xD97060, 0xD56B5F, 0xDA7760, 0xF8C693, 0xFAD8AC, 0xFEEAB4,
    0xE09E7A, 0x570938, 0x53123F, 0x5A153F, 0x621A41, 0x641B41, 0x631B41, 0x5D1640, 0x5E1942, 0x5F1941, 0x5B143D, 0x60153A,
    0xE99172, 0xEC9572, 0xE88267, 0xD66356, 0xAF3A45, 0xCD5A54, 0xE58268, 0xEA8F6C, 0xE98D6B, 0xEB8B6D, 0xEA8469, 0xDD6858,
    0xAA3B49, 0x8F2C45, 0x9D364A, 0xA73D4D, 0xA93E4B, 0xAC414B, 0xAE444C, 0xB2454F, 0xB64850, 0xBD4C53, 0xC45255, 0xC45457,
    0xC65556, 0xCA5859, 0xCA5859, 0xCC595A, 0xCF5A5B, 0xCE5558, 0xD46661, 0xCB6362, 0xC3666C, 0xBE666B, 0xBB5E66, 0xBB5B66,
    0xBC666F, 0xBE6970, 0xBB6770, 0xC27076, 0xC5777B, 0xC68082, 0xCA8A86, 0xCB8F8B, 0xCD9993, 0xD1A097, 0xD5AD9E, 0xD7AE9D,
    0xD8AF9B, 0xDAB29D, 0xDAB2A1, 0xDEBBAB, 0xE1C4B2, 0xCFA49C, 0xB75F67, 0xB74751, 0xC1565E, 0xC3575E, 0xC55459, 0xC2545B,
    0xC05158, 0xBC4D56, 0xB44B58, 0xB04551, 0xB94956, 0xD15F61, 0xDC7168, 0xDD776C, 0xDA7269, 0xD9746D, 0xD8746E, 0xDA756E,
    0xDD7B6E, 0xDC786B, 0xD86E62, 0xDB6E61, 0xDC7362, 0xDB7263, 0xDA7162, 0xD97063, 0xD86E61, 0xD86F60, 0xD87264, 0xD97364,
    0xD36A60, 0xE79473, 0xFDDAA9, 0xFFE9AB, 0xA05955, 0x460438, 0x591440, 0x601841, 0x651B43, 0x651C42, 0x5B133C, 0x5B143E,
    0x611A40, 0x58113B, 0x60163B, 0x64193B, 0xED9674, 0xEB8D6D, 0xE57560, 0xB7454A, 0x972D42, 0xCD5B54, 0xE58064, 0xEB906C,
    0xE98C6C, 0xEA8B6D, 0xE88065, 0xDD6455, 0xA83A47, 0x8C2943, 0x9D374A, 0xA63E4E, 0xAA4251, 0xAB4350, 0xAB4350, 0xAE4450,
    0xB44751, 0xBA4C53, 0xC05054, 0xC15053, 0xC35457, 0xC6575A, 0xC95759, 0xCC595B, 0xCE5959, 0xCE5658, 0xD0665D, 0xB85058,
    0xBE545C, 0xBC575F, 0xBC5D65, 0xB95B66, 0xC0676E, 0xBD686E, 0xBD6972, 0xC36C71, 0xC06D72, 0xC27579, 0xC78080, 0xCD908A,
    0xD3A094, 0xD3A295, 0xD5A99A, 0xD7AB9B, 0xD9AFA0, 0xDBB3A2, 0xDCB3A1, 0xDEB9A8, 0xDCBAAC, 0xDEC0AF, 0xDCBFAF, 0xBD797B,
    0xAA3E4D, 0xB3454E, 0xBD5057, 0xBF5158, 0xBD4F58, 0xB64C59, 0xB44B58, 0xB04653, 0xB64857, 0xD15F61, 0xDF746B, 0xE17A6D,
    0xDD776C, 0xD8736D, 0xD66F6A, 0xD46D6A, 0xD87069, 0xDC796C, 0xDA7165, 0xDB6E61, 0xDD7263, 0xDC7364, 0xDA7063, 0xDA6F62,
    0xD96F64, 0xD97166, 0xDB7265, 0xDA7365, 0xD87468, 0xDB786B, 0xFFC08A, 0xBB7160, 0x4F0939, 0x55143F, 0x5B143D, 0x631940,
    0x651C42, 0x601840, 0x5C1640, 0x621A41, 0x58133E, 0x621940, 0x672042, 0x450531, 0xED9274, 0xEA8267, 0xD25D54, 0x992F44,
    0x9B3346, 0xCD5B55, 0xE67F64, 0xEB916E, 0xEA8D72, 0xEA8A6C, 0xE88065, 0xDA6558, 0xA53746, 0x8E2A42, 0x9F384A, 0xA74151,
    0xA94454, 0xAA4452, 0xAC424F, 0xAC434F, 0xB34752, 0xB74C55, 0xBF5056, 0xC15056, 0xC35357, 0xC75456, 0xC85557, 0xCC5959,
    0xCD5456, 0xD76962, 0xC55A59, 0xBC4D53, 0xBB4E57, 0xBC535C, 0xBE5C63, 0xC06066, 0xC16267, 0xC0686D, 0xC66D6F, 0xC46B70,
    0xC26D73, 0xC37275, 0xC67C7F, 0xCB8882, 0xCE938A, 0xD29D92, 0xD6A89B, 0xD8AC9E, 0xDBB3A1, 0xDCB5A4, 0xDDB7A9, 0xE0BCAC,
    0xDDBBA7, 0xD9B8A8, 0xDBBCB0, 0xE0C6B8, 0xC19194, 0xA65763, 0xA83E4C, 0xB74E58, 0xB74C55, 0xB34855, 0xB54A57, 0xAF4554,
    0xB34656, 0xD06065, 0xE0786E, 0xE47E6E, 0xE27C71, 0xDD766C, 0xD36765, 0xCA5E62, 0xCF6061, 0xDA736B, 0xDE7668, 0xDE6F61,
    0xDF7466, 0xDE7363, 0xDC6F61, 0xDA6F62, 0xDB7166, 0xDB7265, 0xDD7466, 0xDD7567, 0xDD7769, 0xEB846F, 0xB35052, 0x500B3A,
    0x55123E, 0x5B133D, 0x631B40, 0x65183D, 0x5E143B, 0x5B143E, 0x651E45, 0x5A1842, 0x5E1A42, 0x6E284A, 0x4D0D39, 0x7A334F,
    0xE9886E, 0xE3715F, 0xB2404A, 0x932F46, 0xA03649, 0xCE5C58, 0xE67E65, 0xEB8F6C, 0xEB9070, 0xEA8B6C, 0xE78166, 0xDA6457,
    0xA53747, 0x8E2A44, 0xA1374B, 0xA84152, 0xAB4150, 0xAA4250, 0xAC4250, 0xAF4450, 0xB34751, 0xB74D55, 0xBE5157, 0xC15055,
    0xC35458, 0xC75659, 0xC7575B, 0xCA5557, 0xD0595A, 0xD4645B, 0xBE4E52, 0xB74953, 0xBB515A, 0xBD555B, 0xBF585E, 0xC15E63,
    0xC06065, 0xBE6369, 0xC2656A, 0xC56C70, 0xC36C6F, 0xC37075, 0xCA7878, 0xCA817F, 0xCD918A, 0xD6A597, 0xDAAD9F, 0xDAAD9F,
    0xDAAF9F, 0xDDB6A3, 0xDDB5A5, 0xDAB2A3, 0xD7B5A8, 0xD9BDB4, 0xDFC5BC, 0xE5CDC3, 0xF0DFD1, 0xECDFCD, 0xA65561, 0xA2374A,
    0xB04B56, 0xAF4451, 0xAF4554, 0xA84356, 0xB0475A, 0xCF6165, 0xE2776B, 0xE57F6D, 0xE47D6E, 0xE17B6E, 0xD56762, 0xB84852,
    0xB64954, 0xD46464, 0xDF766D, 0xDE7265, 0xE07263, 0xDF7263, 0xDD6F63, 0xDD7064, 0xDD7166, 0xDD7165, 0xDE7366, 0xDD7468,
    0xE8806F, 0xCC645F, 0x5C1440, 0x55133D, 0x5B133C, 0x60163F, 0x661B3F, 0x60153C, 0x5B123C, 0x661D42, 0x5A1742, 0x59153F,
    0x722E51, 0x5D1B44, 0x6D294C, 0xD88478, 0xE77C65, 0xCA5551, 0x993146, 0x9B3348, 0xA2384A, 0xCD5C57, 0xE67E64, 0xEB8F6B,
    0xEB906F, 0xE98D6E, 0xE77F65, 0xD86155, 0xA63A49, 0x8F2C45, 0xA2394A, 0xA93D4F, 0xAD4250, 0xAB4350, 0xAD4553, 0xAD4451,
    0xB24752, 0xB94D55, 0xBF5054, 0xC15155, 0xC55457, 0xC85659, 0xC9575A, 0xCB5859, 0xD15C5B, 0xBF4C51, 0xB84950, 0xBC5159,
    0xBE5660, 0xBE585F, 0xC15A61, 0xBC585F, 0xBB5A62, 0xC06267, 0xC4696E, 0xC76B6E, 0xC5696C, 0xC56F71, 0xC87072, 0xCE7F7D,
    0xD28F87, 0xD9A295, 0xDBAB9B, 0xDDB2A2, 0xDBAF9F, 0xD5A598, 0xD5ACA7, 0xDCBCB4, 0xE3C8BC, 0xE5CCC0, 0xE6CDBF, 0xE6CBBC,
    0xE5C8B9, 0xF3E0CF, 0xD8BCB0, 0x93354A, 0xA43C4E, 0xAB4453, 0xA84354, 0xA53F53, 0xAF4556, 0xCF5E62, 0xE1766B, 0xE37D6B,
    0xE37B6C, 0xE17A70, 0xDA6C66, 0xA9404E, 0x852442, 0xBB4E59, 0xDA6F6C, 0xDF756A, 0xDF7063, 0xE07265, 0xDC7064, 0xDD6F65,
    0xDE7066, 0xDD7165, 0xDF7166, 0xE5796C, 0xE37669, 0x731F41, 0x4E0A38, 0x5C113A, 0x631840, 0x661C41, 0x62173E, 0x58123D,
    0x651A3F, 0x5E163F, 0x591842, 0x67254D, 0x6E2D54, 0x772F51, 0xC17273, 0xD98576, 0xDB6454, 0xA73948, 0x9A3548, 0xA03747,
    0xA13849, 0xCC5C56, 0xE57D67, 0xEA8E6E, 0xEB8E6E, 0xEA8D6E, 0xE67F62, 0xD76155, 0xA73A49, 0x902C45, 0xA0394C, 0xA83D50,
    0xAC4050, 0xAC4652, 0xAE4552, 0xAD4250, 0xB44851, 0xB84B53, 0xBF5054, 0xC35155, 0xC55558, 0xC95758, 0xC95657, 0xCD5B59,
    0xC15054, 0xB74851, 0xB94E56, 0xBC525A, 0xBF575D, 0xBD585D, 0xB9555D, 0xBA565E, 0xC15E63, 0xC36468, 0xC86E6F, 0xC96D6D,
    0xCB6E6F, 0xCC7374, 0xCD7675, 0xCF7C79, 0xD28883, 0xD89E92, 0xDBA797, 0xD49F91, 0xD09D99, 0xDAB3AD, 0xE4CAC0, 0xE6CCC0,
    0xE3C5B7, 0xE3C6B8, 0xE2C6BB, 0xE2C6BA, 0xE4CABC, 0xE5CCC2, 0xF3E7D6, 0xC49A96, 0x8D253E, 0x9F3B4E, 0xA14255, 0xA03E52,
    0xAF4354, 0xCE5C60, 0xE0766F, 0xE57F6F, 0xE47B6B, 0xE07A70, 0xDB6F6C, 0xAE4755, 0x67103A, 0x952F47, 0xCE5D60, 0xDE746D,
    0xE07368, 0xDF7065, 0xDC7066, 0xDE6F65, 0xDE7067, 0xDE7064, 0xE07269, 0xEE7E6D, 0x9C3B4C, 0x501441, 0x5B123C, 0x62173F,
    0x671C42, 0x651B41, 0x58143F, 0x621B41, 0x611940, 0x59133D, 0x64244B, 0x6E305A, 0x7E375D, 0xB96D75, 0xD08179, 0xC6736F,
    0xB94449, 0x9A3347, 0xA33C4C, 0x9F3748, 0xA13647, 0xCC5955, 0xE37C63, 0xE88B6E, 0xEA8F71, 0xEA8B6E, 0xE78166, 0xD56157,
    0xA73948, 0x8C2E48, 0x9F3E50, 0xA94251, 0xAA4150, 0xAD424E, 0xAD424F, 0xAE4450, 0xB34750, 0xB94B52, 0xC05256, 0xC35355,
    0xC65456, 0xC6565A, 0xCB5A5D, 0xC35759, 0xB74B52, 0xBC4E57, 0xBA505B, 0xBE555D, 0xBD545A, 0xB6515B, 0xB4525E, 0xC15E64,
    0xC26368, 0xC56769, 0xCA6E6E, 0xCB7171, 0xD17774, 0xCC7473, 0xCA7171, 0xCF7676, 0xD68D85, 0xD7988A, 0xCB8985, 0xD1A19F,
    0xE1C4BA, 0xE5C6B7, 0xE3C3B7, 0xE3C6BC, 0xE1C1B5, 0xDFBFB3, 0xE1C2B6, 0xE2C7BB, 0xE4CBBF, 0xE4CBC1, 0xE7D3C7, 0xEFE1CD,
    0xAC757B, 0x84263F, 0x943447, 0x9D394D, 0xAA4253, 0xCF5F60, 0xE1766C, 0xE57E70, 0xE47C6E, 0xE17C71, 0xDC716C, 0xB44954,
    0x5F1039, 0x6C2045, 0xB64C58, 0xD96965, 0xE0766C, 0xDF7166, 0xDD6E64, 0xDD6E66, 0xDE7068, 0xDF7066, 0xEC7D6E, 0xC85C5B,
    0x550C39, 0x561540, 0x611741, 0x671B40, 0x66193F, 0x5B123C, 0x60173E, 0x671C40, 0x5A1740, 0x621C42, 0x64224E, 0x7C3962,
    0xB26976, 0xCC7F7C, 0xC77772, 0xCF8678, 0x9B364A, 0x9E3749, 0xA43A4B, 0xA0384B, 0xA13648, 0xCA5754, 0xE37A63, 0xE98A6D,
    0xE98E75, 0xE98C73, 0xE67F69, 0xD56259, 0xA73B4A, 0x8E2A43, 0xA0394B, 0xA84150, 0xAB4251, 0xAB424F, 0xAD434F, 0xAF4551,
    0xB2474F, 0xBA4B52, 0xC15256, 0xC25356, 0xC55458, 0xC75559, 0xCD5E5D, 0xBC4D55, 0xBD4F57, 0xBA4F57, 0xB94F57, 0xBD535B,
    0xBC535C, 0xBC575F, 0xBE5C64, 0xC36367, 0xC26469, 0xCA6E70, 0xCA6C6E, 0xCC6F70, 0xCE716F, 0xC76C6E, 0xCA7071, 0xCF7775,
    0xCF827C, 0xC98584, 0xD4A8A3, 0xE2BFB1, 0xE2BFB1, 0xE3C2B6, 0xE1BFB5, 0xDEBCB3, 0xDDBAB1, 0xE0C1B5, 0xE1C2B7, 0xE1C3B8,
    0xE1C5BA, 0xE2CABF, 0xE3CBBE, 0xE7CFC3, 0xEEDECE, 0xC09E9C, 0x882B43, 0x912E44, 0xA83E4F, 0xCF5D5F, 0xE0776C, 0xE47E70,
    0xE37B6E, 0xE17D73, 0xDD726C, 0xB4464F, 0x67153C, 0x56113B, 0x8E2C45, 0xC9585D, 0xDE6F69, 0xE27566, 0xDD6E64, 0xDD6E65,
    0xDF7068, 0xE5776D, 0xE67366, 0x771E3F, 0x4D0938, 0x5C123C, 0x691D43, 0x691D43, 0x62163E, 0x5C123C, 0x6A1C42, 0x5C153F,
    0x611B42, 0x611E48, 0x6B2754, 0xAA6071, 0xCC7F7B, 0xC67978, 0xCD877C, 0xD8937F, 0x9B374A, 0xA23B4C, 0xA23D4B, 0x9F3A4B,
    0xA13B4D, 0xC95A57, 0xE37A66, 0xE78971, 0xE88C75, 0xE88A72, 0xE68068, 0xD6635A, 0xA73C4D, 0x8F2A45, 0x9F384A, 0xA73E4D,
    0xAA404F, 0xAD4451, 0xAC414E, 0xAD434E, 0xB3454D, 0xBA4B52, 0xBF5056, 0xC35558, 0xC04F55, 0xCD6460, 0xC95B57, 0xB0424F,
    0xB94B53, 0xBE5257, 0xBB4F55, 0xBB5058, 0xB9525B, 0xBE585F, 0xC46165, 0xC7666C, 0xCE7171, 0xCB6F70, 0xCC6F70, 0xCC7173,
    0xC96C6F, 0xC6696D, 0xC5686A, 0xC06A70, 0xC98787, 0xDDAFA1, 0xE3C1B0, 0xDDB5A7, 0xDCB6A9, 0xDCB4A9, 0xDCB5AB, 0xE0BEB3,
    0xE2C2B8, 0xE2C2B6, 0xE3C5B9, 0xE3C7BC, 0xE3C9BD, 0xE4C8BB, 0xE3CABB, 0xE3CABD, 0xE6CDC1, 0xF5E8D2, 0xB68688, 0x7A1636,
    0xA43C4C, 0xCC5B5B, 0xDF756B, 0xE47D6F, 0xE37B6F, 0xE27C72, 0xDD6F6A, 0xB54953, 0x6D183D, 0x550D37, 0x661036, 0xA83C4B,
    0xD96560, 0xDF6E62, 0xDC685A, 0xDD675C, 0xE06F67, 0xED7F70, 0xA13D4C, 0x4F0838, 0x5A133D, 0x65173D, 0x691B3F, 0x661B41,
    0x5D153F, 0x651B42, 0x5D163F, 0x611A41, 0x611B43, 0x5C194A, 0x9E576E, 0xCB7E7D, 0xC07175, 0xC9817B, 0xD69481, 0xD5917F,
    0xA03A4A, 0xA13B4C, 0xA13C4C, 0x9E394A, 0x9F384C, 0xC95958, 0xE37B67, 0xE7896E, 0xE88B70, 0xE88A71, 0xE6846E, 0xD5645D,
    0xA53C4E, 0x8D2D49, 0x9E374B, 0xA73E4C, 0xAA404E, 0xAD4452, 0xAD4350, 0xAE4350, 0xB44853, 0xB94C53, 0xC05056, 0xBF5256,
    0xB84955, 0xDE8971, 0xC05051, 0xB14351, 0xB64C55, 0xBA4D55, 0xBE4F55, 0xBF5359, 0xC1565D, 0xC35C62, 0xC35F66, 0xCD6C6F,
    0xCC6E6E, 0xC4666A, 0xCB6F71, 0xCF6F71, 0xC5676B, 0xB75661, 0xB96672, 0xD2968F, 0xE2B8A6, 0xDFAE9F, 0xDEB1A0, 0xDCB3A5,
    0xD9AFA4, 0xDBB4AA, 0xDCB8AE, 0xE0BEB3, 0xE3C5BA, 0xE2C4B9, 0xE1C4B9, 0xE2C5B9, 0xE0C4B8, 0xE0C4B9, 0xDFC7BC, 0xE0C7BB,
    0xE4CEC2, 0xE8D5CA, 0xEADECB, 0x964E61, 0x902740, 0xCA5B5B, 0xDF7368, 0xE47B6D, 0xE37D71, 0xE17C73, 0xDC6F6A, 0xB64A55,
    0x6F1A3F, 0x5D113B, 0x5C0E37, 0x711335, 0xA93A45, 0xD47975, 0xDC9086, 0xD7756D, 0xE47C6F, 0xC75858, 0x5C113B, 0x57133D,
    0x611740, 0x681A3F, 0x681B41, 0x621A43, 0x601840, 0x601941, 0x601941, 0x671C41, 0x500D3B, 0x884264, 0xCF7F80, 0xC27376,
    0xC57978, 0xD58F7E, 0xD48E7E, 0xD48E7D, 0x9D3D4D, 0x9E3A4B, 0x9E394A, 0x9D3648, 0x9C3446, 0xC65757, 0xE37A67, 0xE8896F,
    0xE88A71, 0xE88A73, 0xE7826C, 0xD7655C, 0xA53D50, 0x8C2A47, 0x9E3649, 0xA53B4C, 0xA93D4C, 0xAA414F, 0xA84251, 0xAB4555,
    0xB24955, 0xB74A52, 0xBD4F55, 0xB9464F, 0xC15E62, 0xE99A78, 0xB24051, 0xB24654, 0xB94A54, 0xBE4E56, 0xBD4C55, 0xBE525A,
    0xC3575E, 0xC75F64, 0xCC696C, 0xCC6C6D, 0xCA6969, 0xC9686A, 0xCC6D6D, 0xBD5D64, 0xB45562, 0xBE6D77, 0xDAA298, 0xE1B3A1,
    0xDDA494, 0xDCAFA2, 0xD9AA9F, 0xD9A59A, 0xDDB1A5, 0xE1BCB1, 0xDFBBB0, 0xDEBAAF, 0xE1C0B5, 0xE0C2B8, 0xDDBEB6, 0xDFC1B7,
    0xDFC3B9, 0xDEC2B8, 0xE1C9BE, 0xE0CABF, 0xE1CABF, 0xE2CCC1, 0xF2E8D6, 0xCAA9A2, 0x811E3D, 0xC65A5C, 0xDF746A, 0xE37A6B,
    0xE27B6D, 0xE37D71, 0xDD716C, 0xB44B55, 0x6E1A40, 0x5F133D, 0x530731, 0x4E0C38, 0xB48991, 0xE7CBBA, 0xE0C8BC, 0xE3CAC2,
    0xEDCCBA, 0x7C3452, 0x4B0B3C, 0x5D1942, 0x661C42, 0x661C43, 0x651D45, 0x621D44, 0x631B41, 0x5E1740, 0x671E43, 0x540D39,
    0x732C56, 0xC5787F, 0xCA7877, 0xC37679, 0xD48E80, 0xD48D7D, 0xD38A7C, 0xD3897A, 0x9B3A4C, 0x9E394A, 0xA23A4A, 0xA13949,
    0x9E3546, 0xC65554, 0xE17866, 0xE88A71, 0xE98B71, 0xE78A72, 0xE6816A, 0xD6635A, 0xA23749, 0x882643, 0x983248, 0xA33B4C,
    0xAA3F4D, 0xAA404D, 0xA93F4E, 0xAB4250, 0xB04652, 0xB64751, 0xBD4F54, 0xB13E4D, 0xD48475, 0xEA9572, 0xAF3C4F, 0xB44653,
    0xB94B55, 0xC05157, 0xC25057, 0xBD545C, 0xC25B63, 0xCC6265, 0xC96264, 0xC05F65, 0xC86567, 0xCD6968, 0xBF5A5D, 0xB04E5E,
    0xC98082, 0xDFA69A, 0xDD9E8F, 0xDAA095, 0xD6A097, 0xD79E93, 0xDAA89C, 0xDCAFA2, 0xDDB1A4, 0xDEB7AB, 0xDEB9AF, 0xDDB8AE,
    0xDBB4AA, 0xDBB8B0, 0xDDBDB6, 0xE0C3BA, 0xE2C4B8, 0xE0C2B6, 0xDEC1B5, 0xDFC8BE, 0xDFC8BE, 0xDFC7BD, 0xE5D0C7, 0xE7DDCE,
    0x964C5F, 0xBA464C, 0xDE776E, 0xE27D6E, 0xE47D6B, 0xE37D6F, 0xDB726B, 0xB24952, 0x6A1A3D, 0x45012E, 0x5B264E, 0xC1A6A5,
    0xE6C7B3, 0xDFC2B6, 0xE9D4C7, 0xEFDACB, 0xFDF0D9, 0x987987, 0x450638, 0x5E1942, 0x661C42, 0x661C42, 0x601840, 0x621840,
    0x5D1840, 0x651C42, 0x611941, 0x5F1947, 0xB46878, 0xD07F7E, 0xC37579, 0xD38A80, 0xD5907F, 0xD38B7E, 0xD28A7D, 0xD2897A,
    0x9F3B4D, 0xA23C4B, 0xA73D4C, 0xA73D4B, 0xA33848, 0xC65454, 0xE27761, 0xE98C6F, 0xEA8F72, 0xEA8D71, 0xE7816A, 0xD6635A,
    0xA23848, 0x882843, 0x983147, 0xA73E4D, 0xAC414D, 0xAE424D, 0xB1414C, 0xB0424D, 0xB3464F, 0xBA4951, 0xC05154, 0xB24455,
    0xE8A481, 0xE38468, 0xAA394D, 0xB04754, 0xBA4B53, 0xB94B53, 0xBC4F58, 0xC3585F, 0xCA6265, 0xC15A60, 0xBC5862, 0xC46165,
    0xCC6564, 0xBF5659, 0xB6515E, 0xD38988, 0xDFA495, 0xDA968C, 0xD6928C, 0xD69992, 0xDAA197, 0xDBA597, 0xDAA498, 0xDDB3A7,
    0xDBB1A6, 0xDCB0A5, 0xDCB1A7, 0xD9AFA7, 0xDDB7AF, 0xE1BBB0, 0xE0BCB0, 0xE0BCB0, 0xE0C0B5, 0xDEBFB4, 0xDEC4BA, 0xE0C6BB,
    0xDEC6BD, 0xDEC8BF, 0xDEC6BF, 0xEADCD0, 0xCAADA8, 0xB03F48, 0xDD7268, 0xE38171, 0xE6806C, 0xE27E6E, 0xDA7169, 0xA63E48,
    0x48012C, 0x6F4768, 0xD8BCB2, 0xDCB5A7, 0xDBBEB6, 0xECD5C4, 0xE8CFBE, 0xE3C7BA, 0xF8E2CF, 0xC3A8A3, 0x48083B, 0x5E1742,
    0x641B41, 0x62183E, 0x61153C, 0x5C133C, 0x5D1640, 0x681E43, 0x591341, 0x984B6A, 0xD58482, 0xC57577, 0xCF857F, 0xD78B7D,
    0xD5897B, 0xD38A7C, 0xD2887C, 0xD38979, 0xA63E4C, 0xA93F4D, 0xAC414D, 0xAC3F4B, 0xA93C4A, 0xC75454, 0xE37863, 0xE88D70,
    0xEA9074, 0xEA8F71, 0xE9866A, 0xD7665C, 0xA53A4A, 0x8F2B44, 0x9E3649, 0xA83F4E, 0xAF414D, 0xB1434E, 0xB3434D, 0xB3434D,
    0xB84850, 0xBB4C52, 0xBF4D52, 0xB84956, 0xF3B588, 0xDA7560, 0xAB3B4C, 0xB24752, 0xB14453, 0xB84C58, 0xC3555B, 0xC85A5D,
    0xC1575F, 0xBE5762, 0xCB6268, 0xCD6A6B, 0xC0575B, 0xB8545E, 0xD68780, 0xDD9487, 0xD68E86, 0xD48F8B, 0xD7948D, 0xDEA399,
    0xDCA59A, 0xD9A498, 0xDCADA1, 0xDAA99F, 0xDAADA3, 0xD7A09A, 0xD9A49C, 0xDCB1A5, 0xE1BAAE, 0xE0BBB1, 0xDEB8AE, 0xDDB8AC,
    0xE0C0B4, 0xDEBEB1, 0xD9B4AA, 0xDBBDB3, 0xDDC1B7, 0xDEC4BA, 0xDEC5BB, 0xDEC5BD, 0xE3D5CC, 0xCE9D9D, 0xD86A5D, 0xE57C64,
    0xE57F68, 0xE27D66, 0xCD5B53, 0x91354D, 0x9F7C8B, 0xE2C5B4, 0xDAB5AA, 0xDEC3BC, 0xEBD2C0, 0xE3C6B7, 0xDEC0B4, 0xE2C6BB,
    0xF7E2D1, 0xC4A79F, 0x49083B, 0x601B46, 0x641D42, 0x5F133A, 0x5F123A, 0x5D153F, 0x681B40, 0x510D38, 0x6E254F, 0xCC7B81,
    0xCD7A7D, 0xCC807E, 0xD78C7F, 0xD5887B, 0xD3887B, 0xD2887C, 0xD2867A, 0xD2877C, 0xAA424F, 0xAD434C, 0xAF424D, 0xAD404B,
    0xAD3C48, 0xCB5451, 0xE27863, 0xE78A71, 0xE98F72, 0xEB9171, 0xEB886C, 0xD8695E, 0xAA3A48, 0x932B43, 0xA03748, 0xAA404D,
    0xB0434E, 0xB3434E, 0xB2454E, 0xB2404A, 0xB8474E, 0xBC4D51, 0xBB494F, 0xBE5760, 0xF6B988, 0xCF5F55, 0xAB4050, 0xAE434F,
    0xBA4853, 0xBC4A54, 0xBD5055, 0xBE535A, 0xC75861, 0xCB5D63, 0xC55B60, 0xBB545B, 0xB85663, 0xD5847E, 0xD9847C, 0xD17B79,
    0xCE807E, 0xD6908A, 0xDC9B93, 0xDCA096, 0xD9A49B, 0xD9A199, 0xDAA49B, 0xDAA79D, 0xD49892, 0xD7A19A, 0xDCAB9F, 0xDBAEA2,
    0xDCAEA2, 0xDEB5AA, 0xDEB8AF, 0xDFC2B8, 0xDEBDB2, 0xD4A39B, 0xD4AAA2, 0xDDC0B5, 0xDEC0B7, 0xDEC1B8, 0xDDC1B8, 0xDABDB5,
    0xDCC1BB, 0xE3D7CE, 0xDF9C8C, 0xE5765B, 0xE3785E, 0xDB7061, 0xCC8282, 0xD5B3AA, 0xE4C5B0, 0xD8B8AE, 0xE3CBBF, 0xE6CBBB,
    0xE0C2B5, 0xDFC1B5, 0xE2C6B9, 0xE5CCC2, 0xF9E5D2, 0xB28F8E, 0x490939, 0x601942, 0x611B42, 0x62183E, 0x5C113B, 0x641940,
    0x61173C, 0x51093A, 0xAC5C71, 0xD58483, 0xC9797C, 0xD68B7F, 0xD68B7D, 0xD4877B, 0xD2867B, 0xD2867B, 0xD2857A, 0xD18479,
    0xAB4350, 0xAE414C, 0xAC424E, 0xAD414D, 0xB04048, 0xD25851, 0xE37966, 0xE88A6D, 0xEB9371, 0xEC9575, 0xEB8C6F, 0xDA6A5C,
    0xA93A47, 0x922B43, 0xA03A4B, 0xA93F4D, 0xAE424E, 0xB1434D, 0xB1424C, 0xB0414B, 0xB4454C, 0xBB4B4F, 0xB03E4A, 0xC36968,
    0xF5B282, 0xD05E57, 0xB54854, 0xB24654, 0xB34452, 0xB14452, 0xBA4C55, 0xBF505A, 0xC6575F, 0xC3565E, 0xBD525C, 0xBF5F69,
    0xD57A76, 0xD97D75, 0xD07977, 0xC97677, 0xD2807F, 0xDA8F89, 0xDA9F95, 0xD89892, 0xD6918E, 0xDAA29A, 0xD9A096, 0xD5928D,
    0xD8A198, 0xDBA398, 0xDCA69B, 0xDAA399, 0xD9A39A, 0xDBAAA0, 0xDDB0A5, 0xDCADA3, 0xD7A89F, 0xD6AA9E, 0xD9B2A7, 0xD9B7AD,
    0xDABCB4, 0xDCB9B0, 0xDBB7AF, 0xD9BBB6, 0xD5B4AD, 0xD6BCB5, 0xDDB9AE, 0xE27662, 0xDE8374, 0xDDABA1, 0xE3C5B0, 0xDEB8A6,
    0xDCBDB4, 0xE4CABD, 0xE0C4B6, 0xDEC0B4, 0xE0C3B6, 0xE1C4B7, 0xE4C9BB, 0xE7CEC4, 0xF9E6CF, 0x976D78, 0x4A0D3E, 0x621F46,
    0x60183F, 0x5D133B, 0x5B113B, 0x64193F, 0x621641, 0x8E395D, 0xD17E80, 0xCE797A, 0xD2837E, 0xD78C7F, 0xD4897E, 0xD4877B,
    0xD3887B, 0xD1867C, 0xD1847A, 0xD18379, 0xAD424F, 0xAF424D, 0xAC414D, 0xAF424B, 0xB44048, 0xCF5851, 0xE47C65, 0xEA8F6F,
    0xED9672, 0xEE9777, 0xED9072, 0xDD6B5B, 0xAA3B47, 0x8F2C43, 0xA13949, 0xAA3C4A, 0xAC424D, 0xAF424C, 0xB03F4A, 0xAD404D,
    0xB2434D, 0xB94A4F, 0xAB3546, 0xD28375, 0xF9B782, 0xD7685C, 0xBB4B51, 0xB34753, 0xB44755, 0xBA4955, 0xBF4E57, 0xC3535A,
    0xC55760, 0xC3555D, 0xC15B67, 0xD57A79, 0xD77974, 0xD0706E, 0xC76E6F, 0xD17677, 0xD98B87, 0xD58C87, 0xD48986, 0xD99992,
    0xD9A098, 0xD58E88, 0xD5928B, 0xDA9D92, 0xD99E94, 0xDA9F95, 0xDA9B92, 0xD99E95, 0xD9A9A2, 0xDBAEA5, 0xD7A199, 0xD8A298,
    0xD9AFA6, 0xD6ABA3, 0xD8B2AA, 0xD8B6AF, 0xDAB2A9, 0xD7ACA4, 0xD7AEA8, 0xD6B2AB, 0xD1ADA7, 0xCEA9A6, 0xD5B5AF, 0xDEA99D,
    0xE1BCA9, 0xDDBAA7, 0xE0BAAC, 0xE3C4B6, 0xE4C7B9, 0xDFC0B3, 0xDEBEB3, 0xE0C3B8, 0xE3C6BA, 0xE0C1B3, 0xE1C3B7, 0xE9CFC5,
    0xF6E3CA, 0x7B4961, 0x4F0B3B, 0x621B43, 0x601A42, 0x5A113B, 0x61163D, 0x651B46, 0x792B56, 0xC06B79, 0xD37B7C, 0xCC7B7D,
    0xD68B80, 0xD68A7F, 0xD48880, 0xD2867E, 0xD3877C, 0xD1857A, 0xD0847A, 0xD0857B, 0xAB4150, 0xAB414F, 0xAB404C, 0xAC404B,
    0xB1404A, 0xC95751, 0xE27A62, 0xEB916F, 0xEE9873, 0xEF9875, 0xED8E6F, 0xDD6A5C, 0xAA3C48, 0x912941, 0xA23746, 0xAB3D49,
    0xB03F4B, 0xAE404C, 0xAE404B, 0xAE404A, 0xB3424B, 0xB8494E, 0xA93447, 0xDD967F, 0xF8B47D, 0xDB7161, 0xCE5D59, 0xC15152,
    0xB54552, 0xBB4A54, 0xBB4A55, 0xC4565C, 0xC2555E, 0xBF5764, 0xD37576, 0xD47373, 0xCD7271, 0xC6696B, 0xD27575, 0xD47F7D,
    0xCE7877, 0xD37E7A, 0xD99793, 0xD89892, 0xD48985, 0xD8958E, 0xDB9A8C, 0xDC998D, 0xDB9E93, 0xDB9D92, 0xD99C93, 0xD79790,
    0xDA9F96, 0xDBA79D, 0xDAA89D, 0xD9A89E, 0xD8A69F, 0xD9B4AD, 0xD7B1A9, 0xD8ACA4, 0xD6A29E, 0xD4A09C, 0xD6ADA7, 0xD0A29C,
    0xCA9897, 0xD1A8A2, 0xDBB3A3, 0xDBB3A2, 0xDEBBAC, 0xE3C4B7, 0xE5C8B8, 0xDEBDB0, 0xDEBFB4, 0xDFBEB1, 0xDFC0B4, 0xE2C5BA,
    0xE2C0B2, 0xD7A498, 0xE1C2B6, 0xEDD1C3, 0xE4C8B3, 0x5E1E44, 0x550C38, 0x611840, 0x5D1A42, 0x5C133C, 0x661B3F, 0x5A1240,
    0x9D4F6C, 0xD68080, 0xCD777A, 0xD28780, 0xD68C7F, 0xD58A80, 0xD58A7F, 0xD4877F, 0xD3887E, 0xD2877D, 0xD2877D, 0xD3887A,
    0xA9404C, 0xA9404E, 0xAA404D, 0xAB3F4B, 0xAC3F4A, 0xC95753, 0xE47C64, 0xEC926E, 0xEC9674, 0xEC9677, 0xEC8D71, 0xDD6C5D,
    0xA83D4B, 0x922C45, 0xA23B4B, 0xAB3E4B, 0xAF424E, 0xAF404B, 0xAF404A, 0xAF4049, 0xB2424C, 0xB6474C, 0xA83549, 0xDE997F,
    0xF7AF79, 0xE07F67, 0xDB6E5E, 0xCF5B56, 0xBA474F, 0xAF4050, 0xBD5059, 0xBD4D55, 0xBA5461, 0xD47170, 0xD46F6F, 0xCB7171,
    0xBE6066, 0xD37373, 0xD47D7A, 0xD27B7A, 0xD17678, 0xD07B7D, 0xD38682, 0xD38483, 0xDA938E, 0xDC9A91, 0xD9928A, 0xD9938A,
    0xDB9A8F, 0xDA968E, 0xD8908A, 0xD7958B, 0xD69189, 0xD59791, 0xD69C94, 0xD9A59C, 0xD9AAA2, 0xD7A9A1, 0xD7A59E, 0xD69C9A,
    0xD8AAA7, 0xD49B97, 0xCF9492, 0xCE9D97, 0xD8AC9D, 0xDCB5A1, 0xDBB5A8, 0xE1BEB2, 0xE3C2B3, 0xE0BDAE, 0xDCBBAE, 0xDEBEB3,
    0xDEBFB3, 0xE0C0B4, 0xE1C3B8, 0xE4C8BA, 0xD59C91, 0xD29089, 0xD39B91, 0xEBC3B0, 0xB78B88, 0x4C0939, 0x5F1B42, 0x60193F,
    0x5B163F, 0x5E1339, 0x5F1843, 0x772B58, 0xC6727A, 0xD27B7B, 0xCE8081, 0xD68C81, 0xD68B7F, 0xD68A80, 0xD48A80, 0xD3887D,
    0xD2887D, 0xD3897C, 0xD3897B, 0xD4867A, 0xAA404B, 0xA53E4B, 0xA63E4B, 0xA83E4A, 0xAD3F4C, 0xCA5958, 0xE57E66, 0xEA9171,
    0xEB9475, 0xEB9475, 0xEC8D6E, 0xDE6D5C, 0xA73D4B, 0x912B45, 0xA3394B, 0xAA414F, 0xAD424E, 0xAE3F4B, 0xAD3F4B, 0xAE404B,
    0xB2434B, 0xB2444A, 0xA23449, 0xE09B7B, 0xF6A873, 0xE58366, 0xDD7260, 0xD7665C, 0xBA4851, 0xAE4150, 0xB94650, 0xBF5761,
    0xD26F6E, 0xD16769, 0xC96A6C, 0xBB5E68, 0xCE6A6D, 0xD77975, 0xCF7472, 0xCC7273, 0xD07E7E, 0xD27C7E, 0xD17678, 0xD78985,
    0xD98A86, 0xDA8E89, 0xDC928A, 0xDB9188, 0xD98D86, 0xD99088, 0xD68B83, 0xD28D89, 0xD18D8A, 0xD5928F, 0xDA9B95, 0xD89490,
    0xD89F99, 0xD69D98, 0xD59A96, 0xD39695, 0xD19595, 0xCD9494, 0xD59E93, 0xDCAC98, 0xDDB3A2, 0xE0BFB1, 0xE3C4B4, 0xDFBBAD,
    0xDBB6A9, 0xDAB5AA, 0xDDBBB1, 0xDFC0B4, 0xDFC1B5, 0xE0C1B7, 0xE5CCBF, 0xDCB1A3, 0xCF8D86, 0xCF9187, 0xC87C7E, 0xE8BEAB,
    0x7E475E, 0x4C0434, 0x622145, 0x5C153C, 0x5D123A, 0x5F153D, 0x692050, 0xB16076, 0xD67E7D, 0xCC787B, 0xD38982, 0xD48C82,
    0xD48A7F, 0xD4887F, 0xD28A7F, 0xD2897E, 0xD1877D, 0xD2897D, 0xD2887B, 0xD1877C, 0xA8404E, 0xA83E4B, 0xA83E4B, 0xA73C4A,
    0xB0404D, 0xD05B56, 0xE57D64, 0xEA9270, 0xEB9574, 0xEC9673, 0xEC8E6F, 0xDE6F61, 0xA93F4E, 0x922C45, 0xA23A4B, 0xAA3F4D,
    0xAD3F4C, 0xAE3F4B, 0xAE3F4A, 0xAE414B, 0xB0414A, 0xAE404A, 0xA33448, 0xE8A67F, 0xF5AE77, 0xE68B6B, 0xDE7762, 0xD86A5D,
    0xC95555, 0xB3434F, 0xBD525D, 0xD16C6E, 0xD06A6C, 0xC56469, 0xBB5864, 0xCE6C6F, 0xD67774, 0xCE6E6F, 0xC6666C, 0xCD7476,
    0xCF7777, 0xD27677, 0xDC8A85, 0xD98382, 0xD68589, 0xD68B8F, 0xC6808F, 0xC77D89, 0xD48780, 0xD58A84, 0xD18683, 0xD68F87,
    0xD99089, 0xD8908A, 0xD78F8B, 0xDA9490, 0xD78E8C, 0xD48F8D, 0xD18E8E, 0xCB898D, 0xD09590, 0xDCA794, 0xDDAB96, 0xE0B5A4,
    0xE1BCA7, 0xDFB6A2, 0xDAB4A5, 0xDAB6AB, 0xDDBAAD, 0xDEBDB0, 0xE1C2B6, 0xE1C2B7, 0xE0C2B6, 0xE2C8BC, 0xE3C8B8, 0xD0948C,
    0xD3948B, 0xC97F7B, 0xD18A89, 0xD7B3A5, 0x571A44, 0x57133F, 0x601940, 0x5A1A43, 0x631C42, 0x5C1544, 0x843861, 0xD07D7F,
    0xCF787A, 0xCF817F, 0xD58B80, 0xD48A7F, 0xD2867D, 0xD2867C, 0xD2897F, 0xD2887D, 0xD0887B, 0xD1887B, 0xD1877D, 0xD1877B,
    0xA9404D, 0xAA404E, 0xA83F4D, 0xAD414C, 0xBA444D, 0xD35A55, 0xE57D65, 0xEB9271, 0xEC9674, 0xEC9672, 0xED8F6D, 0xDF7162,
    0xAA3D4A, 0x8E2841, 0x9E384B, 0xA8404F, 0xAB3E4C, 0xAA3D4A, 0xAD3F4B, 0xAE3F4A, 0xAF4049, 0xAD3D48, 0xA03247, 0xEBB088,
    0xF8B982, 0xEA966F, 0xE38464, 0xE37B62, 0xD46259, 0xB84552, 0xCD6466, 0xCC6369, 0xC4646A, 0xBA5965, 0xCF6B6E, 0xD5706F,
    0xCF6D6D, 0xC3626B, 0xC86973, 0xCF7577, 0xCD6E74, 0xD97F7D, 0xC6707B, 0xB9667E, 0xB2637E, 0xB76D86, 0xB76C84, 0xBB7483,
    0xA55A70, 0xC87B7F, 0xDB8C85, 0xD78A86, 0xD1878D, 0xD88B8B, 0xDB8E8E, 0xC57B88, 0xCA828A, 0xCD8389, 0xCA8388, 0xD9A192,
    0xDDA793, 0xDEAFA2, 0xE3BBA9, 0xE0BBA8, 0xD9B2A2, 0xD8B2A5, 0xDBB8AE, 0xDEBDB0, 0xDFBEB1, 0xE0C2B6, 0xE1C3B8, 0xE0C1B6,
    0xE0C3B9, 0xE9D4C6, 0xDDB2A6, 0xC7827C, 0xB05D5F, 0xA34658, 0xE1AEA5, 0xAD8685, 0x430030, 0x5F1B43, 0x5E1741, 0x601A42,
    0x661F45, 0x61194C, 0xAF5D72, 0xD8807D, 0xCD797B, 0xD38980, 0xD6897E, 0xD4877D, 0xD2867C, 0xD1867C, 0xD2877D, 0xD1867B,
    0xD1877A, 0xD0887B, 0xD0867D, 0xCF857A, 0xAB424F, 0xA9414F, 0xA84250, 0xAF424E, 0xBC444C, 0xD55D56, 0xE67D63, 0xEB9371,
    0xEC9873, 0xED9773, 0xEE906F, 0xE1715E, 0xA93C48, 0x8D2741, 0x9E3647, 0xA93F4C, 0xAB404D, 0xAF404C, 0xAF404B, 0xB13F4B,
    0xB33F49, 0xAE3C45, 0x9F2F44, 0xE9AE8C, 0xFABE89, 0xEDA072, 0xE38261, 0xE37B5F, 0xDD6F5B, 0xC1515A, 0xC45960, 0xC35F66,
    0xB45562, 0xCB666A, 0xD56F6C, 0xCA676A, 0xC05D65, 0xC8646B, 0xCB6D71, 0xC9686E, 0xD77B7D, 0xC4697C, 0xB4607A, 0xB76078,
    0xA44B67, 0x893458, 0x8D4672, 0xDA959F, 0xC07C97, 0x9C5F8F, 0x985783, 0xA25B7B, 0xA86582, 0x9A5275, 0x904A6F, 0x773964,
    0x692858, 0xCA8A92, 0xD9988C, 0xD99C8F, 0xDFB1A3, 0xE4BFAD, 0xDFB8A7, 0xDCB9AA, 0xD9B8AB, 0xDAB9AE, 0xDDBEB2, 0xDFC1B5,
    0xE0C0B3, 0xE1C2B6, 0xE1C4B9, 0xE6CBC0, 0xEACEBD, 0xDEB29F, 0xBA6D68, 0x993D4A, 0x943148, 0xC98089, 0xECD0B6, 0x652744,
    0x510C38, 0x5F173C, 0x59123A, 0x64183D, 0x5B1542, 0x7D345C, 0xCE7A7E, 0xCE777A, 0xD08480, 0xD48D81, 0xD4897F, 0xD4897D,
    0xD2867D, 0xD1877E, 0xD0867D, 0xD0857B, 0xCF857B, 0xCE857C, 0xCF857B, 0xCF8478, 0xAC424F, 0xAC4550, 0xA9424E, 0xB0434E,
    0xC3474D, 0xD95E55, 0xE78064, 0xEC956F, 0xED9673, 0xEE9775, 0xED916F, 0xE27260, 0xA93D4A, 0x8C2742, 0x9E3649, 0xA63F4D,
    0xAC404D, 0xAF404C, 0xB0404D, 0xB03F4B, 0xB3404A, 0xB24047, 0xA12B41, 0xE09D80, 0xFDC58C, 0xF6B37F, 0xE17B5C, 0xD15D51,
    0xCB625A, 0xB74C59, 0xC05A5F, 0xB04D5B, 0xC6616B, 0xD36C6C, 0xC96567, 0xC15E66, 0xC8656D, 0xC8666D, 0xC5626B, 0xD57375,
    0xC06072, 0xB86179, 0xBF697E, 0xAA5272, 0xA55274, 0x924673, 0x7C3D77, 0x9F628C, 0x9A6191, 0x77376E, 0x70366F, 0x723D73,
    0x672A62, 0x5E1C4D, 0x480739, 0x471248, 0x8D5C73, 0xCE908D, 0xD8A39F, 0xE2BDAE, 0xE2BCAA, 0xDDB7A8, 0xDEB8A9, 0xDEBAAA,
    0xD9B7A9, 0xDBBAAD, 0xDEBEB0, 0xDEBEB2, 0xDFBDAF, 0xE8CBBB, 0xE5C7B6, 0xD09E91, 0xB46764, 0x9D424C, 0x933144, 0x9D3E51,
    0xC6797E, 0xF2C7AB, 0x956067, 0x4A0636, 0x631A41, 0x5C1840, 0x5E163E, 0x64183E, 0x510F41, 0xA8596E, 0xD27E7E, 0xCB797C,
    0xD48D85, 0xD48C81, 0xD48B80, 0xD38B80, 0xD28880, 0xD08781, 0xCF847E, 0xCE847E, 0xCE867C, 0xCE857C, 0xCE847A, 0xD08478,
    0xAE4551, 0xB04650, 0xAC3F4A, 0xB1424D, 0xC3474D, 0xD75D54, 0xE57F65, 0xEB9570, 0xEC9572, 0xEE9772, 0xED9170, 0xE2725F,
    0xAA3C49, 0x8D2A43, 0xA13748, 0xA93E4C, 0xAD3F4B, 0xAD404A, 0xB0414D, 0xB03F4B, 0xB2404A, 0xB04048, 0x9D2A3E, 0xCD7E70,
    0xFFCD93, 0xF8B982, 0xE0765D, 0xCC5C5E, 0xD1706B, 0xC35A60, 0xAD4B5A, 0xC25A62, 0xD56C6E, 0xC8656C, 0xBD5964, 0xC96268,
    0xC9686E, 0xC56068, 0xD16B6F, 0xC35E6F, 0xB55D76, 0xC8667A, 0x9F4F7A, 0x9C517D, 0x863C6A, 0x6E2758, 0x6C2057, 0x854C85,
    0x844C81, 0x7E3D74, 0x895080, 0x6E2F64, 0x6C3567, 0x4E1244, 0x481448, 0xA26E79, 0xD08580, 0xD6A298, 0xE0B5A2, 0xDEB9A9,
    0xDDB7A9, 0xDCB5A4, 0xDCB5A6, 0xDCB7A9, 0xD9B7A8, 0xD9B8AC, 0xDAB9AF, 0xE3C5B8, 0xE7C7B5, 0xD8B0A2, 0xAC5F62, 0x923042,
    0x8F2E45, 0xA34658, 0xB8616B, 0xD78F8A, 0xEFC2A4, 0x854552, 0x500534, 0x611841, 0x62163E, 0x5A133D, 0x661C41, 0x5C1A43,
    0x6A2653, 0xCA767A, 0xCC787A, 0xD18783, 0xD69183, 0xD48C81, 0xD38C83, 0xD28C81, 0xD08A81, 0xD08882, 0xCF8782, 0xCF867F,
    0xCF857B, 0xCD867C, 0xCD847D, 0xCD837C, 0xB34955, 0xB04652, 0xAF424F, 0xB1404C, 0xBE454C, 0xD55E55, 0xE47D65, 0xEA9271,
    0xEA9572, 0xEB9571, 0xED906F, 0xE3735E, 0xAA3F4B, 0x8B2943, 0x9E3547, 0xA93D4A, 0xAB3F4B, 0xAE3F4B, 0xAF414C, 0xAD404B,
    0xB03F4A, 0xB3424A, 0xA23443, 0xB35559, 0xFBC691, 0xF6B680, 0xE68C68, 0xD06764, 0xD9786E, 0xB9535D, 0xBA5261, 0xD2696B,
    0xC86268, 0xBA5866, 0xC85F69, 0xC96369, 0xBF5C6A, 0xCE686E, 0xD66E6F, 0xB75872, 0xBD6076, 0x913B66, 0x773469, 0x713063,
    0x652050, 0x5B0F44, 0x86457B, 0x905682, 0x611A4E, 0x77396E, 0x804477, 0x612356, 0x5C2A60, 0x592858, 0xB07175, 0xCF8381,
    0xD5A299, 0xE0B29C, 0xD6A69B, 0xD8B0A4, 0xDAB3A3, 0xDAB09E, 0xD9B1A2, 0xDBB4A7, 0xD9B5A9, 0xDDBCB3, 0xE6C7B6, 0xCFA899,
    0xA26771, 0x9D6079, 0xB15F70, 0xB7585F, 0xC77370, 0xD98578, 0xE79583, 0xF0BA9B, 0x874C58, 0x4F0536, 0x641C42, 0x661B41,
    0x60163E, 0x5B113A, 0x691E41, 0x581A49, 0x9B506A, 0xD37E7C, 0xCB7B7A, 0xD69183, 0xD59183, 0xD48F83, 0xD48D83, 0xD28D81,
    0xD08B81, 0xCF8A83, 0xCF8781, 0xCE867F, 0xCE867D, 0xCE877D, 0xCE857D, 0xCB827C, 0xB24954, 0xB04752, 0xB04451, 0xB1424C,
    0xBC4449, 0xD45B55, 0xE67D65, 0xEB9270, 0xEA9573, 0xEC9572, 0xED906F, 0xE3735F, 0xAB404C, 0x8C2843, 0x9F374A, 0xA63D4C,
    0xAB3E4C, 0xAE404C, 0xAE424C, 0xAC404B, 0xAD3F4A, 0xB4424B, 0xAD404A, 0xA23548, 0xEEB68D, 0xFABE88, 0xEDA47A, 0xDE8872,
    0xCC675D, 0xB64D5A, 0xD0676B, 0xCC6569, 0xB45060, 0xC45B65, 0xC45F6A, 0xBF5A64, 0xC46670, 0xB5586B, 0xBD5A6D, 0xB3576D,
    0x78305B, 0x6F2E63, 0x6E2A5A, 0x611B4A, 0x5B1341, 0x672158, 0x894A77, 0x681B4B, 0x773970, 0x8A5389, 0x672B5F, 0x4C164E,
    0x784B76, 0xBF7677, 0xCC7E7B, 0xDCAFA2, 0xDFB6A2, 0xD3A49C, 0xD6ABA0, 0xD6AA9B, 0xD3A798, 0xD5AA9C, 0xDAB2A5, 0xDDB4A4,
    0xDCB9AB, 0xD7B4A1, 0xA16969, 0x7E3957, 0x915071, 0x9B5C7A, 0xCD878C, 0xEA927A, 0xE89175, 0xEC9B85, 0xF3B998, 0x8F525C,
    0x4A0032, 0x62193E, 0x651C40, 0x641B40, 0x5E143B, 0x62183D, 0x5E173E, 0x651F4D, 0xC27078, 0xCD7879, 0xD1867D, 0xD79483,
    0xD59282, 0xD59282, 0xD48E81, 0xD28E82, 0xD08B81, 0xD18A81, 0xCE8881, 0xCE877F, 0xCD8780, 0xCC867E, 0xCC857E, 0xCC837C,
    0xB44A54, 0xB24A55, 0xB04551, 0xAF424C, 0xB44249, 0xD25751, 0xE67D64, 0xEB9471, 0xEB9575, 0xED9673, 0xED9170, 0xE47462,
    0xAE3F4A, 0x892642, 0x9E364A, 0xA53C4B, 0xAB3D4B, 0xAD3E4A, 0xAE3E4A, 0xAE3D49, 0xAE3F4A, 0xB6444B, 0xB8494D, 0xA33244,
    0xC9776C, 0xFFD49A, 0xE89B79, 0xE99D7B, 0xC05E5B, 0xC65C64, 0xCB636A, 0xB85360, 0xC45E68, 0xC55E69, 0xBC5668, 0xC95F6B,
    0xD0666D, 0xAF5169, 0x802E59, 0x752E5D, 0x733467, 0x6D2B5D, 0x621D52, 0x773665, 0x510A3C, 0x7A3869, 0x651D4B, 0x641849,
    0x753365, 0x6F3166, 0x6B4074, 0x683C73, 0xA96880, 0xC87F80, 0xDFB5A7, 0xE1B9A7, 0xD5ACA1, 0xD3A89E, 0xD4AAA0, 0xD1A295,
    0xD1A398, 0xD3A99D, 0xD7B4A9, 0xD9B1A4, 0xE3B4A3, 0xAE5F63, 0x721F47, 0x8D4666, 0x9E627A, 0x9E627C, 0xB66F81, 0xE38A7D,
    0xF4A587, 0xE5A688, 0x823F4C, 0x4D0532, 0x61153B, 0x65183E, 0x671E43, 0x631C40, 0x5C133B, 0x64173C, 0x5C1743, 0x893F5F,
    0xC47378, 0xC77578, 0xD89281, 0xD79382, 0xD59281, 0xD49081, 0xD49082, 0xD39081, 0xD28C81, 0xD18A82, 0xCF8983, 0xCF8A80,
    0xCE887F, 0xCC877F, 0xCB847E, 0xCB827C, 0xB44C56, 0xB24A55, 0xB04651, 0xAD414D, 0xAF3C47, 0xCD5450, 0xE57C66, 0xEB9275,
    0xEC9677, 0xED9974, 0xED916F, 0xE47460, 0xAD3E4B, 0x892742, 0x9B3346, 0xA53B4B, 0xA93F4E, 0xAC3E4B, 0xAF3E4B, 0xB03F4C,
    0xB0414D, 0xB7454D, 0xBA494E, 0xB3464D, 0xA43646, 0xE8AC89, 0xF7BD8C, 0xE69C7A, 0xCA645E, 0xC95D61, 0xBC5866, 0xC05B68,
    0xC56271, 0xB85B79, 0xB85D81, 0xBB5F80, 0xB05474, 0x943B60, 0x883461, 0x813A6C, 0x763563, 0x4D093B, 0x722F64, 0x72335F,
    0x5C1547, 0x6F2A58, 0x671D4C, 0x702657, 0x6B285E, 0x692F6B, 0x815187, 0x9F638C, 0xA96A87, 0xDEB3A5, 0xE0B7A4, 0xD7AFA4,
    0xD3A89C, 0xD2A69B, 0xD3A69A, 0xD09E95, 0xD2A8A0, 0xD1ACA4, 0xD9ACA3, 0xE2AAA2, 0xEBB6AC, 0xD98381, 0x9A3953, 0x8E4C6B,
    0x934F6E, 0xA26880, 0xB06B84, 0xE6998C, 0xCF8772, 0x6D2340, 0x4E0737, 0x61153C, 0x681C3E, 0x651A3E, 0x681E3F, 0x5E153C,
    0x5F143B, 0x62193F, 0x67214D, 0xA85D6C, 0xB46972, 0xC77E7D, 0xD99986, 0xD59282, 0xD49081, 0xD48F81, 0xD68F82, 0xD48F81,
    0xD28E81, 0xD08C82, 0xD08B83, 0xD08B81, 0xCF897F, 0xCB8880, 0xCC857E, 0xCB837C, 0xB54B55, 0xB24853, 0xB2444E, 0xAE424D,
    0xA83947, 0xC65251, 0xE37B65, 0xEA9273, 0xEB9676, 0xED9877, 0xEF9372, 0xE57562, 0xAE404A, 0x892440, 0x993346, 0xA43A4B,
    0xAB3F4C, 0xAB3F4D, 0xAC3E4B, 0xAD3F4C, 0xB1414C, 0xB8454F, 0xBE4C53, 0xBC4F51, 0xA63244, 0xCC7D75, 0xFED39E, 0xEFAA7C,
    0xCE6661, 0xBD5360, 0xB55061, 0xC35F6C, 0xB85569, 0xC45D69, 0xC45A70, 0xBC5C72, 0x9A4468, 0x6B2458, 0x6F2356, 0x833B6B,
    0x702B5C, 0x5C194B, 0x6B285C, 0x7D3A6E, 0x65204D, 0x591039, 0x611A45, 0x64204A, 0x5C1A4D, 0x7D3969, 0x7A3C78, 0x996A96,
    0xC8969A, 0xD9A599, 0xD5A99F, 0xD1A398, 0xCF9D95, 0xD1A198, 0xD2A196, 0xCEA098, 0xD0A29D, 0xE3B0A8, 0xEAB1A8, 0xECB3AA,
    0xEDBAAE, 0xEEAB99, 0xC44F57, 0x7C2D4E, 0x7D3A5D, 0x904D6D, 0xB57A90, 0xCF7C7A, 0x7D213E, 0x4D0638, 0x5E173F, 0x66193E,
    0x691D40, 0x6A1F42, 0x651C3F, 0x5A1138, 0x63173B, 0x5E1641, 0x7E365A, 0xB66C73, 0xB16670, 0xD08B82, 0xD69784, 0xD49282,
    0xD29282, 0xD39181, 0xD49181, 0xD38F81, 0xD18F82, 0xD18D83, 0xD28E82, 0xCF8A80, 0xCF897F, 0xCE887E, 0xCD867C, 0xCB837C,
    0xB14955, 0xB14854, 0xAF4651, 0xAD404A, 0xA33846, 0xC15153, 0xE37865, 0xE99174, 0xEB9776, 0xED9878, 0xEE9273, 0xE57563,
    0xB0404B, 0x8A2543, 0x9B354B, 0xA63D4E, 0xAD404E, 0xAE4250, 0xAD404E, 0xAF3E4C, 0xB1414D, 0xB8474F, 0xC04D54, 0xBF5154,
    0xAC3747, 0xCE7972, 0xFFE1A6, 0xE5946E, 0xBC4A52, 0xBF5A66, 0xBD5765, 0xB65063, 0xCF636D, 0xD7676A, 0xB75366, 0x802747,
    0x7C2B55, 0x682350, 0x52103F, 0x6B275A, 0x7A3567, 0x6C2B5B, 0x5E194F, 0x7E437A, 0x7B3D6E, 0x5C1641, 0x5B163F, 0x480635,
    0x712F57, 0xA04B6A, 0x9C618D, 0xC094A0, 0xDCA794, 0xD8AEA5, 0xD4A89D, 0xCC918A, 0xCE9B96, 0xD1A79F, 0xCC938E, 0xD89C95,
    0xE7ADA2, 0xEEB9AB, 0xECB7AC, 0xECB6AC, 0xEEB9AC, 0xEFB1A2, 0xD96765, 0x842040, 0x611C46, 0x84395D, 0xB0738A, 0xC7757C,
    0x731F41, 0x56113D, 0x60123B, 0x6A1B3E, 0x6A1E43, 0x6C2346, 0x62193E, 0x5C1239, 0x62153A, 0x5C1644, 0x9F566A, 0xBA7073,
    0xBA7175, 0xD08B7F, 0xD59280, 0xD69481, 0xD49381, 0xD28F7F, 0xD38F80, 0xD49081, 0xD49080, 0xD28D82, 0xD18C83, 0xD08A81,
    0xD18A80, 0xD0897F, 0xCE867C, 0xCC827B, 0xAE4754, 0xAF4855, 0xAE4551, 0xAC434D, 0xA53A49, 0xC15154, 0xE27A68, 0xEA9076,
    0xEC9676, 0xED9778, 0xED9274, 0xE57766, 0xB0434F, 0x8C2641, 0x9B3447, 0xA63D4E, 0xAD404E, 0xB0424F, 0xB0424F, 0xAF414F,
    0xB3434F, 0xB84852, 0xC15157, 0xC45154, 0xB63E4A, 0xC66565, 0xFFDBA1, 0xCB655A, 0xB54450, 0xB8505A, 0xBB5563, 0xC95C65,
    0xB65060, 0xAF4A61, 0x9E435D, 0x611948, 0x702A57, 0x59113D, 0x5E1743, 0x5E1C4A, 0x732E5E, 0x6D2B5B, 0x67275A, 0x602258,
    0x865080, 0x66204C, 0x420333, 0x6D2F4F, 0xC06571, 0xC77E85, 0xC78A92, 0xB68DA5, 0xD9AA9F, 0xDAAFA2, 0xD19995, 0xCA9190,
    0xCFA299, 0xD6928A, 0xE19088, 0xEBA599, 0xECB3A6, 0xEDB8AA, 0xEEBBAD, 0xF0BCAF, 0xF2C3B6, 0xF3C1AF, 0xE28078, 0x9C2C43,
    0x560F3D, 0x70224B, 0xB06F86, 0xC17C87, 0x61133D, 0x5F153D, 0x64183E, 0x681A3E, 0x6B2144, 0x6C2244, 0x5D143A, 0x611539,
    0x5D133C, 0x6F2851, 0xBA7073, 0xBA6F72, 0xC9837D, 0xCA827A, 0xCB857E, 0xD08B80, 0xD29081, 0xD2907F, 0xD38E7E, 0xD38E80,
    0xD49180, 0xD28D82, 0xD18B80, 0xD08981, 0xD08A7E, 0xCF897D, 0xCF867B, 0xCD827B, 0xB14752, 0xAF4753, 0xAF444F, 0xAA424E,
    0xA53A49, 0xC15152, 0xE27967, 0xE89174, 0xEC9777, 0xEC9978, 0xED9573, 0xE37665, 0xAF4654, 0x8C2945, 0x9D3347, 0xA73F4F,
    0xAE4453, 0xB14653, 0xB24450, 0xAF414F, 0xB03E4E, 0xC45B5B, 0xC65858, 0xC34F53, 0xC14D51, 0xB94A54, 0xF0BB94, 0xCC655F,
    0xBE4E55, 0xB94E5B, 0xC85D63, 0xCD616C, 0xA64761, 0x7B294F, 0x661740, 0x6B2350, 0x6D2956, 0x5C1643, 0x671F4D, 0x5D1744,
    0x611B49, 0x621C50, 0x7E3E73, 0x76366D, 0x7B4471, 0x460636, 0x5E2247, 0xC26B6D, 0xCF8084, 0xE1A395, 0xCB8C93, 0xB88C9D,
    0xD4AAA3, 0xD7ACA3, 0xCF9895, 0xCE9791, 0xD9837E, 0xE48680, 0xE79D92, 0xEAADA1, 0xEDB4A7, 0xEEBAAC, 0xEEBCAE, 0xF1C1B3,
    0xF3C5B7, 0xF5C8B6, 0xEE9B8E, 0xB63B49, 0x5D0F39, 0x590D3C, 0x995472, 0xC7868D, 0x682047, 0x601941, 0x681C40, 0x691F44,
    0x6F2648, 0x681F41, 0x5B123A, 0x661B3D, 0x56103D, 0x8A435F, 0xC57674, 0xC27675, 0xD29082, 0xCB867C, 0xC8817C, 0xC7807C,
    0xC8807B, 0xCA857D, 0xCD877C, 0xCF897E, 0xD18D7F, 0xD18F83, 0xD08D82, 0xCF8A81, 0xCF887D, 0xCF867B, 0xCF847C, 0xCE807B,
    0xB24852, 0xAE4651, 0xAE414E, 0xA83F4C, 0xA43848, 0xC04F51, 0xE17665, 0xE99177, 0xEB9977, 0xEB9A77, 0xEC9375, 0xE27767,
    0xAD4554, 0x8D2D4C, 0x9E3B50, 0xA94051, 0xAF4351, 0xB14450, 0xB24450, 0xB1424F, 0xB44450, 0xC25156, 0xC15056, 0xC75457,
    0xC85759, 0xBE4750, 0xDB8470, 0xD77766, 0xBF484F, 0xD06062, 0xCB626F, 0xBF5464, 0x892A4B, 0x6D2658, 0x5F1C4A, 0x561142,
    0x712D5A, 0x611D4A, 0x65204E, 0x5F1645, 0x66204F, 0x5F184A, 0x733164, 0x6D275E, 0x754170, 0x692F59, 0xB55D61, 0xCD777B,
    0xDE9E8D, 0xDFAC9E, 0xC99DA2, 0xB98492, 0xDCB3A6, 0xD0A19A, 0xCF8B87, 0xDB807E, 0xE48683, 0xE7948B, 0xE89E93, 0xECAFA2,
    0xEDB4A8, 0xEEBBAC, 0xF0BEAE, 0xF1C2B2, 0xF3C6B7, 0xF5CBBA, 0xF1AE9E, 0xC74E55, 0x70173C, 0x4C0B3C, 0x873E62, 0xCA878D,
    0x722549, 0x5D1640, 0x681F44, 0x692145, 0x6F2445, 0x641B40, 0x5F163C, 0x62193C, 0x5D1744, 0xB16772, 0xC27373, 0xCA857C,
    0xD49582, 0xD08F7F, 0xCC8B7E, 0xC9887E, 0xC7837D, 0xC7837C, 0xC37F7B, 0xC17E7C, 0xC4817B, 0xC88580, 0xCB8681, 0xCE867D,
    0xCC867C, 0xCD857B, 0xCE847B, 0xD07E76, 0xB04550, 0xAE4551, 0xAC424D, 0xAA404B, 0xA33748, 0xBF4F52, 0xE27869, 0xE99279,
    0xEA9978, 0xEC9B78, 0xED9473, 0xE37867, 0xAF434F, 0x8D2A48, 0x9E384E, 0xA74151, 0xAE4351, 0xB14553, 0xB44652, 0xB34352,
    0xB64651, 0xBE4D54, 0xC55255, 0xC65255, 0xBF4D51, 0xC55255, 0xC75E57, 0xC85F57, 0xCE565E, 0xC26784, 0xB8637E, 0x873253,
    0x5A184D, 0x622558, 0x6B2A5D, 0x571242, 0x662052, 0x783666, 0x621945, 0x5C1343, 0x682656, 0x661F51, 0x642255, 0x622352,
    0x490D3F, 0xA95D72, 0xC77073, 0xD98E83, 0xD88F84, 0xDAAFA3, 0xCFA5A2, 0xC4989E, 0xD8ABA0, 0xD58986, 0xE18585, 0xE28686,
    0xE4918D, 0xE8978F, 0xE99C92, 0xEBAA9D, 0xEEB5A8, 0xEDB7A8, 0xEEBAAA, 0xF0BFB0, 0xF2C4B5, 0xF4C8B9, 0xF2BDAD, 0xD86766,
    0x8A2543, 0x4C0C3C, 0x772B52, 0xC9858B, 0x7C2E4F, 0x5F1640, 0x6A2145, 0x6B2448, 0x6A2345, 0x5F173E, 0x641B3E, 0x59113B,
    0x79345A, 0xC17676, 0xC17272, 0xD28F7F, 0xD39180, 0xD08F81, 0xCF907F, 0xD19382, 0xD09183, 0xCE8B7F, 0xC9877E, 0xBF807D,
    0xBE807A, 0xBE7C7C, 0xBE7A7B, 0xC37B78, 0xC57E7A, 0xC9827C, 0xCE837A, 0xCF8178, 0xAF444F, 0xAD434F, 0xAD404B, 0xAD3F4B,
    0xA33949, 0xBE4E54, 0xE1796D, 0xE79178, 0xEB987A, 0xED9C79, 0xEC9674, 0xE47763, 0xB1434E, 0x8D2A48, 0x9D364C, 0xA74051,
    0xAE4453, 0xAF4555, 0xB14351, 0xB24350, 0xB64650, 0xC04C51, 0xC75254, 0xC95153, 0xCB5C5E, 0xD37465, 0xA6484D, 0xBC5C5A,
    0xBB6586, 0xBF6175, 0xB04655, 0x712D60, 0x602557, 0x642B5F, 0x6A2B5B, 0x591040, 0x752F5E, 0x6B2651, 0x560F3C, 0x631E4B,
    0x601C4A, 0x6A2A60, 0x6D2C5D, 0x53174C, 0x863D54, 0xB9616B, 0xD79789, 0xDB9B8A, 0xD28984, 0xD8ABA4, 0xDAB9B1, 0xC6958A,
    0xB55960, 0xCD6770, 0xDB7E81, 0xE7908E, 0xEC9E96, 0xEA9D93, 0xEA998E, 0xECA093, 0xEDB0A1, 0xECB3A4, 0xEDB4A4, 0xEFBAA9,
    0xF2C0AF, 0xF7CABA, 0xFAC5AE, 0xD76D6A, 0x7D183C, 0x510C39, 0x671A48, 0xC2818B, 0x8F415C, 0x661E47, 0x68244A, 0x6F294B,
    0x681F42, 0x5E173F, 0x641B40, 0x581442, 0x9C546B, 0xC07273, 0xC37876, 0xD4907F, 0xD18E7F, 0xD08E7E, 0xCF8E7C, 0xD1917F,
    0xD29584, 0xD19182, 0xCD8A7E, 0xC8887D, 0xC3847D, 0xBF807C, 0xBE7D7C, 0xBE7B7C, 0xBC7879, 0xBD7A7C, 0xC47A78, 0xC87B77,
    0xAF4351, 0xAE4350, 0xAE424F, 0xAF424D, 0xA3394A, 0xBD4C51, 0xE1786A, 0xE99176, 0xED9A7B, 0xED9C7B, 0xED9676, 0xE47964,
    0xB0434F, 0x8B2C4B, 0x9C374E, 0xA73E50, 0xAF4553, 0xAF4452, 0xAF4452, 0xB14350, 0xB6444F, 0xC04E54, 0xC75355, 0xC44E56,
    0xDF7F71, 0xB4615C, 0x44002A, 0x803760, 0xD78886, 0xAE404D, 0x78224C, 0x733B6F, 0x58174E, 0x7F4A7D, 0x5F204C, 0x5C1543,
    0x65264F, 0x5F1C47, 0x5A1440, 0x5D1747, 0x702D61, 0x703366, 0x59184E, 0x6B2A4C, 0xBD656A, 0xD28B82, 0xE2AB94, 0xD6A192,
    0xCF8A8B, 0xDCBFB6, 0xD49A8F, 0xC55F64, 0xC65E69, 0xBC5663, 0xA0394E, 0xA44153, 0xCB7175, 0xE8998F, 0xEA988E, 0xE9988B,
    0xEDAB9A, 0xECAFA0, 0xEBAB9D, 0xEEB5A2, 0xF1B8A2, 0xE2A290, 0xC87370, 0xA94252, 0x77193B, 0x570C38, 0x5C1242, 0xB77784,
    0x9F546A, 0x621842, 0x6F284B, 0x6D2647, 0x601B40, 0x60173F, 0x621A41, 0x641E4B, 0xB46873, 0xBB6E74, 0xCD857B, 0xD58F7C,
    0xD08A7C, 0xD08A7C, 0xCF8A7A, 0xCE897C, 0xCD8D80, 0xCF8E80, 0xCC897C, 0xCA887C, 0xC9897C, 0xC6877E, 0xC58683, 0xC28383,
    0xBC7C7D, 0xBA797B, 0xB8767B, 0xB57076, 0xAF4351, 0xAF4754, 0xAE4652, 0xAF414B, 0xA23648, 0xBD4B51, 0xE17668, 0xEA9176,
    0xEE9978, 0xEE9B7A, 0xEE9879, 0xE47B67, 0xB24550, 0x8E2B4A, 0x9E384E, 0xA94152, 0xB04553, 0xB1424F, 0xB0404D, 0xB1404C,
    0xB5444D, 0xB8434C, 0xBD4C58, 0xD4716E, 0xE0786C, 0xC36D65, 0x87405B, 0x9F516C, 0xB64D56, 0x6F1E44, 0x753267, 0x73336B,
    0x6B2B65, 0x6F3567, 0x652B59, 0x601D4B, 0x5C1B4A, 0x753765, 0x5C143E, 0x520732, 0x662652, 0x6A2D5B, 0x51103F, 0xAF5C63,
    0xD38A84, 0xDEA18D, 0xDDB7A7, 0xD29690, 0xDAB2A7, 0xCA867A, 0xC64C51, 0xD06163, 0xC35B62, 0xD26B6B, 0xB94957, 0xA83B4E,
    0x9E2F47, 0xCC6068, 0xE68984, 0xE88D86, 0xECA597, 0xEEAFA0, 0xECABA0, 0xEEA596, 0xCD6F6C, 0xA64150, 0x9E3B51, 0xB24652,
    0x9B3042, 0x63163E, 0x560E3E, 0xAF6C7D, 0xAD6272, 0x5F1740, 0x712A4B, 0x6C2244, 0x5D183E, 0x631A3F, 0x5F1840, 0x7E3459,
    0xBC7076, 0xBD7072, 0xD58C7C, 0xD58B7C, 0xD2887B, 0xD1887A, 0xCF887A, 0xCE867A, 0xCE897C, 0xCF8B7B, 0xCD8879, 0xCA8679,
    0xC9877B, 0xC9897E, 0xCA8A82, 0xC78885, 0xC28380, 0xBE8180, 0xB7777C, 0xB1717A, 0xAC4350, 0xAC4451, 0xAD424F, 0xAA3F4B,
    0x9D3244, 0xBB494F, 0xE17766, 0xEA9175, 0xEE9B76, 0xEE9D78, 0xEC9577, 0xE57B68, 0xB44750, 0x8D2844, 0x9D3347, 0xA73D4D,
    0xB2434E, 0xB3414B, 0xB13F4A, 0xB03E49, 0xAE3949, 0xBC6471, 0xD07D74, 0xDD786B, 0xE18074, 0xD87B6D, 0xC56C6F, 0x7E284A,
    0x601E4C, 0x70366D, 0x864C82, 0x76316D, 0x7E477B, 0x561849, 0x6A295A, 0x692959, 0x530E3D, 0x612354, 0x783E6F, 0x5C143E,
    0x5B0E33, 0x450737, 0x873E55, 0xCE7D7B, 0xDC9D89, 0xE0AE9D, 0xDEB9AD, 0xDDB2A0, 0xB26867, 0x8D1D36, 0x82213D, 0x751837,
    0x6C1336, 0x731D39, 0x660D32, 0xA53F53, 0xD65F66, 0xD25761, 0xDE7173, 0xE6817D, 0xEDA397, 0xF0B7A9, 0xF3B6A1, 0xC36868,
    0x872C47, 0x791D3A, 0x6F1538, 0x761E3E, 0x7F213F, 0x63143A, 0x570E3E, 0xAB6578, 0xB46A76, 0x681C43, 0x6F284A, 0x661C3F,
    0x5F153C, 0x651C40, 0x540F3C, 0x954C63, 0xC17475, 0xC57974, 0xD48D7C, 0xD2887A, 0xD18579, 0xD18678, 0xD18678, 0xD08679,
    0xCF887A, 0xCF8A79, 0xCD8677, 0xCB8579, 0xC9867B, 0xC7867E, 0xCA8780, 0xC68581, 0xC07F7D, 0xBE7E7F, 0xBA7B7E, 0xB5757C,
    0xA8404D, 0xA63E4C, 0xA53B4B, 0xA23848, 0x922C42, 0xB3434B, 0xE17663, 0xEA9475, 0xEE9B76, 0xEE9C7A, 0xED9676, 0xE57863,
    0xB3454D, 0x8D2642, 0xA03447, 0xA83C4B, 0xAF3F4B, 0xB03F49, 0xAD3D4A, 0xA93544, 0xB2465A, 0xEEB692, 0xDC7860, 0xDB6C5F,
    0xDF7A70, 0xB4596B, 0x641742, 0x53154A, 0x70396D, 0x743768, 0x63275A, 0x80437C, 0x7E4B7A, 0x551845, 0x5A1746, 0x6E3461,
    0x63234E, 0x500836, 0x6D315D, 0x6E305C, 0x580F3E, 0x5F1C45, 0xBD6A6D, 0xDA9B8C, 0xDDA08C, 0xDEB8AE, 0xE2C3AF, 0xB46C67,
    0x7B1131, 0x68133B, 0x6E1B3F, 0x62113C, 0x6F2047, 0xBA8796, 0x894866, 0x6B1139, 0xC2525B, 0xD85C61, 0xDD676B, 0xE47A77,
    0xEEA59B, 0xFBCFB8, 0xB96E6C, 0x5B0C38, 0x631D4B, 0xA15A75, 0x84304F, 0x611037, 0x6D1A3E, 0x601339, 0x5A0E3D, 0xA65D72,
    0xB76C79, 0x72254A, 0x71294A, 0x62163C, 0x60173C, 0x5F193F, 0x5E1946, 0xB2636D, 0xC57675, 0xCF867B, 0xD38B7A, 0xD18679,
    0xCF8378, 0xD08378, 0xD08477, 0xD08479, 0xCF847A, 0xCE857A, 0xCD8578, 0xCC8579, 0xCA847B, 0xC5827D, 0xC48380, 0xBE7E7C,
    0xBB7A7B, 0xB6757A, 0xB3747A, 0xAE7079, 0xAA424F, 0xA8404E, 0xA63E4E, 0x9E3848, 0x8F2840, 0xB0424B, 0xE17665, 0xEB9576,
    0xED9D79, 0xEFA07B, 0xEC9A7B, 0xE47964, 0xB6454B, 0x922943, 0xA6394A, 0xB1424C, 0xB3424B, 0xB1424E, 0xBB4B51, 0x9F3241,
    0x822845, 0xB77676, 0xDC998B, 0xEF9A82, 0xA64753, 0x712142, 0x57154A, 0x793A6C, 0x662255, 0x672659, 0x62215B, 0x8B558B,
    0x7A4473, 0x53103C, 0x57123E, 0x612250, 0x72305B, 0x570E39, 0x5A1238, 0x571138, 0x4E1345, 0x8D4060, 0xC37C81, 0xD5988D,
    0xDAAEA5, 0xE2C9B8, 0xC5857D, 0xB34250, 0x953149, 0x78183B, 0xA0475B, 0x7A2D51, 0x843F67, 0xE2C5CB, 0xE8B2AB, 0xB54253,
    0xBF454F, 0xCB4F5B, 0xD95F67, 0xE37977, 0xF5BAAC, 0xEAB6A1, 0x9D3C52, 0x7B3155, 0x7A2D54, 0xC18299, 0xBA5B68, 0x630A2F,
    0x651237, 0x5D133A, 0x601642, 0xA05971, 0xB8727E, 0x7C3154, 0x6F2748, 0x5F163C, 0x641C3F, 0x58123B, 0x752E51, 0xC37575,
    0xC47775, 0xD18A7C, 0xD2887A, 0xCF877B, 0xCD8377, 0xCE8276, 0xCE8176, 0xD08378, 0xCE8377, 0xCE8378, 0xCE8377, 0xCA8178,
    0xC6807A, 0xC27F7B, 0xC07C7B, 0xBA787C, 0xB37278, 0xAC6B74, 0xAE7178, 0xBB8080, 0xAC4450, 0xAB434E, 0xA83F4C, 0x9F3949,
    0x8D2841, 0xAF404B, 0xE17665, 0xEB9376, 0xEE9F78, 0xEFA17E, 0xEE9B7B, 0xE57A66, 0xBA484E, 0x993047, 0xAB3C49, 0xB7464E,
    0xBD4A51, 0xB74B51, 0x80213A, 0x7F2E4F, 0xA35873, 0xD48C92, 0xE6B89D, 0x9D6B6F, 0x5D1D55, 0x551952, 0x7F4579, 0x652356,
    0x60215A, 0x75356D, 0x7B3F79, 0x895A91, 0x865787, 0x621E4D, 0x5A1540, 0x59113C, 0x621B45, 0x5F1740, 0x5F183F, 0x490635,
    0x6E2B4B, 0xB96C75, 0xD2958D, 0xDAA69A, 0xE0C9B8, 0xC58277, 0xC14D58, 0xD46169, 0xD76C71, 0xAE4459, 0xB84B5F, 0xB55670,
    0xC88895, 0xE6B2AB, 0xE39997, 0xD76972, 0xD0555C, 0xCF535C, 0xD65B64, 0xE2797A, 0xF6CBBC, 0xDEA39C, 0xB9556A, 0xB7637C,
    0xB26D8C, 0xD28C95, 0xA2384C, 0x711639, 0x6E173C, 0x5D1841, 0x651D46, 0x97516C, 0xBB7C87, 0x7F3556, 0x6C2447, 0x5B143C,
    0x651B3E, 0x5C143C, 0x8E465E, 0xC37676, 0xC67D79, 0xD18A7B, 0xCF8677, 0xCD8477, 0xCB8176, 0xCD847A, 0xCC8A80, 0xCE8278,
    0xCD867A, 0xCD8378, 0xCC8076, 0xC77E76, 0xC37C77, 0xBD7979, 0xBA7778, 0xB36F75, 0xB37278, 0xC3877C, 0xD59B83, 0xE1AA88,
    0xB04652, 0xAC4652, 0xA63D4C, 0x9E3447, 0x8E2740, 0xAE3D48, 0xE17765, 0xEA9376, 0xEE9E7A, 0xF0A47D, 0xF09F7C, 0xE77F69,
    0xBC494E, 0x9A2F44, 0xAD3F4A, 0xB94850, 0xC24B52, 0xB85556, 0x863A59, 0xC87686, 0xC07385, 0xAD6578, 0x83415E, 0x48033C,
    0x6D356B, 0x8B5A91, 0x824F84, 0x581A4D, 0x62275A, 0x753D74, 0x6F3571, 0x8D5C93, 0x956A9E, 0x713A68, 0x55103D, 0x59143D,
    0x5D133D, 0x60173F, 0x571138, 0x4C0E3A, 0xAB535D, 0xCF8480, 0xDCA191, 0xE3C5B3, 0xBF7F77, 0xBD404D, 0xD76570, 0xD86B74,
    0xDC7177, 0xDC7175, 0xD1616B, 0xCA5562, 0xCC606C, 0xC46272, 0xD5818D, 0xDA8287, 0xD05B67, 0xD35B66, 0xD65963, 0xE07177,
    0xF3C2B9, 0xEABEB5, 0xD67B7F, 0xD16671, 0xC7616D, 0xA54052, 0x8E2A42, 0x973143, 0x721539, 0x61173F, 0x692047, 0x8E4567,
    0xCA8B90, 0x813555, 0x671E42, 0x5C153C, 0x641B3E, 0x661E44, 0xAF636F, 0xC07172, 0xCD867B, 0xD0887B, 0xCE8479, 0xCC8378,
    0xC9827A, 0xCC8278, 0xCB857B, 0xCA8278, 0xCA837A, 0xCB8278, 0xC67D76, 0xC17975, 0xBC7775, 0xB77275, 0xB47178, 0xC4867C,
    0xD9A080, 0xE5B086, 0xE7B387, 0xE7B186, 0xAB4250, 0xA43E4D, 0x9C374A, 0x983245, 0x831F3B, 0xA63745, 0xE07466, 0xE99278,
    0xEE9F7A, 0xF1A37F, 0xF09F7E, 0xE88067, 0xBF4A4B, 0x9A2C42, 0xAA3C48, 0xBA474D, 0xBE4549, 0xC24C52, 0xD37C80, 0xC1677A,
    0x7D3660, 0x733363, 0x5F1D4F, 0x5B1C50, 0x692961, 0x825389, 0x87598D, 0x642658, 0x5C1A4F, 0x6F336C, 0x7C4B83, 0x804982,
    0x885A8D, 0x6D3663, 0x58113E, 0x5B153C, 0x5D143D, 0x5F1A43, 0x480A3A, 0x823950, 0xCA6B6A, 0xD6988C, 0xE4BFAE, 0xC08D82,
    0xAA2F3F, 0xD0555F, 0xD96A73, 0xDF787D, 0xE07D81, 0xE17F7F, 0xDF7C7F, 0xDD777C, 0xDC7D82, 0xDF888D, 0xE0898E, 0xDC8085,
    0xD5636D, 0xD9636B, 0xD75662, 0xDE6A75, 0xEFBAB5, 0xEBC8BD, 0xDE9291, 0xDA767B, 0xD4656D, 0xC9545F, 0xBC4E58, 0xAB3E4B,
    0x761738, 0x65153C, 0x691D44, 0x874063, 0xD09297, 0x7E3354, 0x631A3F, 0x5E173D, 0x5D1638, 0x6E2447, 0xBC6E72, 0xC07374,
    0xD0897D, 0xCE867B, 0xCD8379, 0xCB8179, 0xCB8379, 0xCB8278, 0xC98077, 0xCA8178, 0xC7817A, 0xC57D78, 0xC47A75, 0xBE7977,
    0xB57174, 0xB57175, 0xD29783, 0xE7B488, 0xEAB885, 0xE9B583, 0xE7B285, 0xE7B184, 0xA53D4D, 0x9E384B, 0x963348, 0x922D43,
    0x7E1B39, 0xA13545, 0xDF7264, 0xE89177, 0xED9E7B, 0xF1A27C, 0xF09E7B, 0xE88066, 0xBC4B4D, 0x992D41, 0xAA3A46, 0xB7434E,
    0xBD5161, 0xBC5C7A, 0xB96B91, 0xA6678D, 0x8B5C8E, 0x753866, 0x5E1A4D, 0x76386F, 0x89548C, 0x854C84, 0x75396B, 0x4D0D3E,
    0x5D1C52, 0x794078, 0x7D4B84, 0x895D95, 0x856090, 0x7A3E62, 0x691E44, 0x5A1640, 0x59143E, 0x541644, 0x59214B, 0xB55A5E,
    0xCA7E7F, 0xE7BEAB, 0xC6A193, 0x8B233C, 0xC44752, 0xD35961, 0xD9666F, 0xE2767A, 0xE58585, 0xE68F8A, 0xE6958F, 0xE5928F,
    0xE69591, 0xE59492, 0xE49491, 0xDE7C7D, 0xDB6B71, 0xDA656C, 0xD85760, 0xDD626C, 0xECB2AF, 0xEECCC1, 0xE09F97, 0xDE8584,
    0xDA6D72, 0xD66068, 0xCE5862, 0xB54752, 0x771A3E, 0x691A40, 0x6D1C3F, 0x7E335A, 0xD79999, 0x7D3351, 0x5F1339, 0x60193D,
    0x591037, 0x8A3D56, 0xC07273, 0xC57C77, 0xD08B7D, 0xCD857A, 0xCD8379, 0xCA827B, 0xC8827B, 0xCA837A, 0xC78077, 0xC67F78,
    0xC37E78, 0xC17A77, 0xBF7775, 0xB87373, 0xB37275, 0xD49B82, 0xECBC8A, 0xEEBC89, 0xEBB783, 0xE9B381, 0xE8B282, 0xE8B486,
    0x9A384D, 0x96354A, 0x943047, 0x8D2B42, 0x781B3B, 0x9F3547, 0xDD7364, 0xE89376, 0xEE9D7B, 0xF0A27C, 0xF09D7C, 0xE77F68,
    0xBB4A4D, 0x972B41, 0xA83848, 0xB74F63, 0xC36177, 0xBB6D8F, 0xA65C82, 0x7B3D6C, 0x6F3161, 0x601C4F, 0x713268, 0x7C417B,
    0x8B5D93, 0x885787, 0x61204F, 0x55133F, 0x541241, 0x602355, 0x7C4071, 0x753C60, 0x591D49, 0xB26772, 0x843A57, 0x52123D,
    0x5A1840, 0x480D40, 0x89455B, 0xC46B6F, 0xDCA69A, 0xDCBEA5, 0x6D2945, 0x95263F, 0xCE5358, 0xD3565D, 0xDB646B, 0xE17475,
    0xE58180, 0xE8928B, 0xE99991, 0xE99B94, 0xE79991, 0xE89990, 0xE6928A, 0xE07D7B, 0xDE7376, 0xDC686E, 0xD95A61, 0xDB5D66,
    0xEBA9A6, 0xF0D2C8, 0xE09A93, 0xDF8583, 0xDD6F74, 0xD85D6B, 0xD65C64, 0xBB4952, 0x711940, 0x6C1E42, 0x702042, 0x752951,
    0xD89493, 0x863D57, 0x580A33, 0x64193C, 0x5B1038, 0xA55562, 0xC57572, 0xCC8479, 0xD08B7C, 0xCC867B, 0xCB847A, 0xC9827C,
    0xC9827A, 0xC9827A, 0xC57F78, 0xC27D78, 0xC27D79, 0xBF7A78, 0xB87474, 0xB26D73, 0xD1937D, 0xEBB886, 0xEDBA85, 0xECBA85,
    0xEBB883, 0xE8B483, 0xE9B88C, 0xEABD96, 0x903049, 0x8D2C45, 0x8C2A43, 0x862842, 0x741A3D, 0x9E3244, 0xDD7165, 0xE79177,
    0xEC9C7B, 0xEE9E7C, 0xEE997B, 0xE87E68, 0xBC4A4E, 0x952C42, 0xA43B4C, 0xB34852, 0xC2494D, 0xB04762, 0x864980, 0x824479,
    0x843767, 0x7B396F, 0x6F386C, 0x6C366F, 0x8C6195, 0x692D5D, 0x5C1846, 0x5C1742, 0x5C1A45, 0x591943, 0x5E2147, 0x64193A,
    0x5D143D, 0xB05E6E, 0xA4606B, 0x4E0D3A, 0x4D0B38, 0x5A1840, 0xB65B5F, 0xCC8687, 0xECCBB2, 0x885B65, 0x550636, 0xA6394A,
    0xCE5358, 0xD5585F, 0xDB6166, 0xE16E71, 0xE37977, 0xE78981, 0xEA968E, 0xEA9E94, 0xE8998F, 0xE79489, 0xE68A7F, 0xE07775,
    0xDE6F71, 0xDC686A, 0xD6595E, 0xDA6067, 0xE89D9C, 0xF1D5CB, 0xE09D94, 0xDE8382, 0xDC7678, 0xDA616E, 0xD75C63, 0xB2414E,
    0x68163C, 0x6A1A40, 0x732141, 0x6E1F49, 0xD69091, 0x964E60, 0x550A35, 0x661E3F, 0x691A3E, 0xBA6666, 0xC87A76, 0xD19081,
    0xCE8778, 0xCC867A, 0xCB847A, 0xC98078, 0xC77F78, 0xC57E7A, 0xC47E78, 0xC47C76, 0xC07B79, 0xBC7878, 0xB26B70, 0xC37E77,
    0xEAB483, 0xEEB982, 0xECB681, 0xECB982, 0xEBB986, 0xEABD8F, 0xECC399, 0xEAC5A0, 0x892E49, 0x872D49, 0x852C4A, 0x7E2645,
    0x6D163B, 0x9C3145, 0xDC7168, 0xE78E76, 0xEA9879, 0xEB9A7A, 0xEE9776, 0xE97C66, 0xBC4A4E, 0x912845, 0xA84C67, 0xAF4254,
    0xC25D73, 0xA96287, 0x794371, 0x914F7F, 0x8E4F7E, 0x6F3869, 0x652B63, 0x69316F, 0x8E669D, 0x73396A, 0x611E4C, 0x631F4A,
    0x55143E, 0x53123E, 0x6C2B4D, 0x6A1C3C, 0x74254D, 0xA95B71, 0xB86263, 0x904D5C, 0x3C0032, 0x873B4F, 0xC16163, 0xE6BDB1,
    0xC09D90, 0x4A0B37, 0x6F1C40, 0xA02F45, 0xCA4F56, 0xD65A5F, 0xDC6164, 0xE16B6F, 0xE47778, 0xE5807D, 0xE98D86, 0xEA968C,
    0xE9948B, 0xE88F86, 0xE5867B, 0xDF706E, 0xDA6368, 0xD86264, 0xD45559, 0xD95C65, 0xE58D92, 0xF2D3C9, 0xE2A098, 0xDD7E7B,
    0xDC7378, 0xD7646D, 0xD65D62, 0xA0364A, 0x5B123D, 0x6F1F43, 0x742341, 0x631743, 0xCF898B, 0xA85F6F, 0x58113A, 0x5E173E,
    0x7F2F4C, 0xC6726B, 0xC98077, 0xD4927E, 0xD08778, 0xCC867A, 0xCB847A, 0xC98078, 0xC57E79, 0xC47D78, 0xC27B77, 0xC17A76,
    0xBF7977, 0xB77373, 0xB56F6F, 0xDEA37D, 0xF0BC82, 0xEEB67E, 0xEDB67D, 0xECB985, 0xECC193, 0xEDC9A0, 0xECC69D, 0xEAC29B,
    0x8B304A, 0x852F4C, 0x822D4C, 0x7B2444, 0x67133B, 0x983044, 0xDC7164, 0xE78E78, 0xEA977B, 0xEC9979, 0xEE9875, 0xE87D65,
    0xBB484C, 0x8E233E, 0xAB4C61, 0xB76083, 0xB86D93, 0x99496F, 0x762A60, 0x985B87, 0x784070, 0x632762, 0x7C4B86, 0x7B4F8C,
    0x916CA1, 0x804D7D, 0x5E1D49, 0x601C46, 0x4F0C38, 0x581543, 0x933D51, 0x832B4B, 0x944366, 0xD38F87, 0x8F3E53, 0x792D45,
    0x450735, 0xAF575A, 0xCF8889, 0xDDC2AB, 0x602341, 0x4F0937, 0x7E2643, 0x9D2C40, 0xC84C53, 0xD5595F, 0xDB5D62, 0xDF676C,
    0xE37376, 0xE57D7B, 0xE6827D, 0xE68882, 0xE88D84, 0xE78A83, 0xE5827A, 0xDC6C6A, 0xD65E62, 0xD55B61, 0xD15157, 0xD5575E,
    0xE28285, 0xF3D0C6, 0xE6ACA4, 0xDB7978, 0xDC7277, 0xD8636E, 0xD2595C, 0x862745, 0x54113F, 0x772645, 0x792641, 0x5D0F3D,
    0xC77E84, 0xB16D78, 0x56133A, 0x570F3A, 0x994858, 0xCB776F, 0xCD8476, 0xD38C77, 0xD08575, 0xCE8576, 0xCB857A, 0xC88279,
    0xC57F79, 0xC27F79, 0xC27C77, 0xBF7976, 0xBC7775, 0xB36D72, 0xCC8776, 0xEDB981, 0xEEB97F, 0xEDB67E, 0xECB983, 0xEDC494,
    0xEECA9D, 0xEECBA1, 0xECC69E, 0xEBC39D, 0x8F314B, 0x8A2E4A, 0x842C48, 0x7B2140, 0x620D36, 0x93283E, 0xDD6F62, 0xE78F79,
    0xEC987C, 0xEE9B7B, 0xEF9A78, 0xEA8064, 0xBD484A, 0x8C233F, 0xA6425A, 0xB25574, 0xB2597C, 0x97426D, 0x7A3267, 0x83477C,
    0x773B73, 0x733774, 0x79487D, 0x713D7A, 0x8E689C, 0x7B4878, 0x551746, 0x5C1945, 0x591540, 0x5E1A46, 0x823859, 0xA8535F,
    0xB05259, 0x893D53, 0x621E40, 0x480736, 0x863F52, 0xB6565D, 0xDBA699, 0x945E65, 0x43002D, 0x5E173F, 0x893249, 0x9D2B3F,
    0xC54B51, 0xD4575C, 0xDA5D61, 0xDF6469, 0xE26E72, 0xE37675, 0xE37977, 0xE47F7C, 0xE6857F, 0xE6847F, 0xE17A77, 0xD66263,
    0xD05359, 0xDD656A, 0xD95D62, 0xD5585F, 0xE1787D, 0xF4CBC3, 0xE9B7AB, 0xDA7271, 0xDB7276, 0xD66169, 0xC1525A, 0x651840,
    0x56133F, 0x7A2845, 0x79253F, 0x580835, 0xB96F7B, 0xC58082, 0x5F1B3F, 0x57113C, 0xB66365, 0xCC796F, 0xD08979, 0xCF897A,
    0xCD8476, 0xCB8274, 0xCA8276, 0xC98279, 0xC68178, 0xC48078, 0xC37E77, 0xC07A76, 0xBA7271, 0xB97172, 0xE2A880, 0xF1BD82,
    0xEFB67E, 0xEDB883, 0xEEC393, 0xEFCB9E, 0xEDC798, 0xECC69C, 0xECC9A3, 0xECC8A5, 0x93354C, 0x8E3149, 0x882C44, 0x81223E,
    0x660F36, 0x942D41, 0xDD6F63, 0xE88F77, 0xEA977C, 0xED9B7C, 0xF19C7A, 0xE97F67, 0xBE4B54, 0x99395D, 0xB05069, 0xB14558,
    0xB85370, 0x863261, 0x79366E, 0x92598C, 0x6D295F, 0x713E75, 0x6E386E, 0x6B3472, 0x8D6399, 0x815281, 0x693060, 0x601C48,
    0x631B41, 0x53103C, 0x7C3651, 0x762B4A, 0x934B62, 0x5A153B, 0x42002E, 0x6E3758, 0xD99F94, 0xCB8D8B, 0xC58B81, 0x681C3C,
    0x510A33, 0x5F173F, 0x8F384E, 0xA02C3F, 0xC64D52, 0xD4575B, 0xDA5A5F, 0xDF6367, 0xE16B6F, 0xE37273, 0xE37777, 0xE37C79,
    0xE4807C, 0xE4817D, 0xE07976, 0xD15A61, 0xD6565B, 0xD15D5E, 0xCD595D, 0xD65459, 0xE06B6B, 0xF3BDAC, 0xE4A698, 0xD96E6F,
    0xD96D72, 0xD66164, 0x9B3A4E, 0x4F0E3D, 0x5D1841, 0x792643, 0x782440, 0x550533, 0xA56072, 0xD28C89, 0x692345, 0x601942,
    0xCB756B, 0xCE7D71, 0xCF8B7C, 0xCD877A, 0xCB8377, 0xC98276, 0xC98176, 0xC68178, 0xC4807A, 0xC67F77, 0xC27E76, 0xBF7A76,
    0xB56C70, 0xC88277, 0xEEB882, 0xF0BA7F, 0xEFB77F, 0xEEBF8B, 0xEFC799, 0xEDC79C, 0xECC69A, 0xEBC8A0, 0xEBCBA7, 0xEAC9A6,
    0x923149, 0x912D45, 0x8E2B43, 0x842540, 0x791C3B, 0xA93E4D, 0xDE766C, 0xE78E78, 0xEA967D, 0xED9A7D, 0xF09B7C, 0xE9806A,
    0xC04F59, 0x922C48, 0x9F3645, 0xB54352, 0xAE4F70, 0x893362, 0x823D71, 0x904E78, 0x5D1C57, 0x835688, 0x70346C, 0x6C3672,
    0x8D5F97, 0x926A98, 0x713F6B, 0x55113D, 0x7E324D, 0x5B1B3E, 0x46063B, 0x824772, 0x743155, 0x551039, 0x500D3B, 0x9E5E6B,
    0xE1A593, 0xDAAE9B, 0x6E2944, 0x4F0934, 0x5D1238, 0x61163E, 0x954055, 0xAD3643, 0xC94B4E, 0xD55456, 0xDA5A5D, 0xDF6165,
    0xE16B6E, 0xE37272, 0xE37575, 0xE37878, 0xE47E7A, 0xE4817B, 0xE17C77, 0xD9676B, 0xD9585B, 0xB9434D, 0xB33C4B, 0xC2424B,
    0xD3525B, 0xE79B93, 0xDF8E86, 0xDA7174, 0xD8696F, 0xCB5A5F, 0x6C1E43, 0x511442, 0x631B42, 0x7E2843, 0x78233F, 0x590732,
    0x944C65, 0xD38F8B, 0x712C4C, 0x84344E, 0xD57E6E, 0xCD8074, 0xD08A7B, 0xCB8479, 0xCA8277, 0xC88178, 0xC8827A, 0xC68079,
    0xC37E78, 0xC37C74, 0xC27B73, 0xBE7875, 0xB66D71, 0xD99579, 0xF2BC80, 0xF0B97F, 0xF0BD87, 0xF0C797, 0xEEC79C, 0xECC7A0,
    0xEDCBA4, 0xECCCA6, 0xECCCA6, 0xEBC8A4, 0x8F3046, 0x902D43, 0x902B43, 0x852541, 0x892A43, 0xB84F5B, 0xDE7D75, 0xE68E78,
    0xE99379, 0xED987C, 0xF09D7D, 0xEA836B, 0xC14D4E, 0x912943, 0xA13A4A, 0xB24353, 0xBD566F, 0x772957, 0x733164, 0x672259,
    0x764174, 0x733769, 0x6F326E, 0x7A4881, 0x83538D, 0x94699C, 0x8D628E, 0x4A0A3B, 0x924257, 0xA55658, 0x430C3F, 0x72365D,
    0x70274D, 0x9A4C69, 0xB4767E, 0xA94D57, 0xD0908A, 0x885664, 0x4A0334, 0x67284B, 0x61153B, 0x611741, 0x9C495C, 0xAF3947,
    0xCE4E54, 0xD55458, 0xD9585B, 0xDD5D63, 0xE1676A, 0xE16F6F, 0xE07072, 0xE37677, 0xE47B7A, 0xE4817D, 0xE37E7A, 0xE07877,
    0xDA686D, 0xDF5F65, 0xE26C6B, 0xD76971, 0xDF9A9B, 0xE5A99E, 0xDF8580, 0xD77176, 0xD8686D, 0xA24355, 0x531341, 0x561945,
    0x671F45, 0x85334A, 0x7B2842, 0x5D0C35, 0x833959, 0xD08D88, 0x813553, 0xA24F5A, 0xD7806E, 0xCE8475, 0xCF8979, 0xCC8478,
    0xCB8377, 0xC88178, 0xC5817A, 0xC68179, 0xC47E76, 0xC17D76, 0xC07B75, 0xBA7573, 0xBA7170, 0xE4A57C, 0xF2BC7F, 0xF0BA82,
    0xF0C493, 0xF0C99D, 0xEEC89E, 0xEDC99E, 0xEECCA4, 0xEDCCA4, 0xECCAA2, 0xECCAAA, 0x8B2D43, 0x8C2B43, 0x902C44, 0x81213D,
    0x882943, 0xBD5964, 0xDF7F77, 0xE78D78, 0xEA9276, 0xEE9A7C, 0xF09D7D, 0xEA846B, 0xC15052, 0x8F2B45, 0x9E3648, 0xB3465A,
    0xC76982, 0x762B5A, 0x6D2B65, 0x884F83, 0x6F3862, 0x56164C, 0x6D3066, 0x774179, 0x835188, 0x805088, 0x9A74A0, 0x753669,
    0x863961, 0x8B3A56, 0x551441, 0x6E3259, 0xBA7586, 0xD19F9F, 0xB16A6A, 0xAD5664, 0xAB817D, 0x520F3D, 0x601B44, 0x681F41,
    0x681D41, 0x601742, 0x98495F, 0xB1404D, 0xCC5057, 0xD5575B, 0xD8595B, 0xDD6063, 0xE06769, 0xE0686B, 0xE06C70, 0xE37575,
    0xE37A79, 0xE47D7B, 0xE27E7B, 0xDF7977, 0xDE7675, 0xDD6E6E, 0xE69B92, 0xE7A399, 0xEAB3A5, 0xE6AD9F, 0xDC7D7D, 0xD86E74,
    0xCF6469, 0x6F264A, 0x521544, 0x581844, 0x712749, 0x863248, 0x7E2742, 0x65133A, 0x72284D, 0xC78685, 0x95465C, 0xBE6661,
    0xD47D6A, 0xCF8777, 0xCC877A, 0xC98379, 0xC98279, 0xC78077, 0xC57F78, 0xC37D78, 0xC47D77, 0xC27E77, 0xC07B74, 0xB87270,
    0xC07770, 0xEBAE7C, 0xF2BA7D, 0xF0BF8A, 0xF1CA9A, 0xF0C99A, 0xEEC699, 0xEEC99D, 0xEECAA1, 0xEDCCA7, 0xECCDA9, 0xECCDAF,
    0x882941, 0x882640, 0x88263F, 0x7F1F3D, 0x872A43, 0xB85663, 0xDC7D77, 0xE78E76, 0xEA9376, 0xED997C, 0xF09E7B, 0xEA866B,
    0xC2504F, 0x8E273F, 0x9F334B, 0xBB5C77, 0xB45870, 0x79295F, 0x8B4D81, 0x743965, 0x5D1F4F, 0x672A5E, 0x6B2D5E, 0x6B2A60,
    0x773E72, 0x713973, 0x936898, 0x99628B, 0x8C4159, 0x5A113B, 0x7D2D4F, 0xA15069, 0xCF9A9D, 0xC89B8E, 0x9D3A4B, 0xAB7071,
    0x5B1C3F, 0x63153D, 0x631539, 0x6D1C3C, 0x712341, 0x5E0F39, 0x92445A, 0xAC4151, 0xC94B51, 0xD8565A, 0xD95A5C, 0xDE5F62,
    0xE1676A, 0xE1676A, 0xDF6768, 0xE16A6C, 0xE27374, 0xE17374, 0xE07774, 0xDC7374, 0xDB7979, 0xE07F7C, 0xECB6A8, 0xE9B6AD,
    0xECB9AD, 0xEAB3A4, 0xDA777A, 0xDA6F76, 0xAA4C5E, 0x53123F, 0x5A1944, 0x5B1943, 0x772949, 0x872F46, 0x7C243F, 0x651337,
    0x681E46, 0xC07D7F, 0xA55464, 0xCC6E60, 0xD17E6C, 0xCE8778, 0xCB867A, 0xCA8378, 0xC88077, 0xC5807A, 0xC47F79, 0xC37C76,
    0xC17D77, 0xC27D76, 0xC07971, 0xB56E6D, 0xC57D70, 0xEEB47B, 0xF2BC82, 0xF1C795, 0xF2CA9A, 0xF0C899, 0xEFC99C, 0xEEC89B,
    0xECCBA5, 0xEDCEAC, 0xEDCCAA, 0xEDCDAF, 0x7D2240, 0x7E213D, 0x832642, 0x7F203E, 0x872741, 0xB35262, 0xDB7E7A, 0xE68F7A,
    0xEA957B, 0xED9B7D, 0xF0A07D, 0xEB876C, 0xC34F4F, 0x891F3F, 0xAB506B, 0xB14B5F, 0xB25067, 0x6D245A, 0x7D4575, 0x692A5A,
    0x632457, 0x63295F, 0x743B70, 0x7A3D71, 0x6F356A, 0x70366B, 0x70386F, 0x9D74A0, 0x6E3B64, 0x792C54, 0xC48093, 0xCC9CA3,
    0xD3A99B, 0xA14650, 0xB46A6F, 0x6A3751, 0x5C113B, 0x7C2A45, 0x5D1038, 0x701F3F, 0x7B2944, 0x600D38, 0x8E3D53, 0xA03A4C,
    0xC2434B, 0xD85659, 0xDB5A5A, 0xDD5E5E, 0xE06465, 0xE16869, 0xDF6566, 0xDE6767, 0xD7605F, 0xDB6766, 0xDC6F6C, 0xDB6D6C,
    0xDD716E, 0xDF746E, 0xE37D76, 0xE8968C, 0xE58986, 0xDE817E, 0xCB616C, 0xD56C74, 0x76294C, 0x531340, 0x5D1D46, 0x601B42,
    0x782B48, 0x863048, 0x802A44, 0x691638, 0x5E1440, 0xBA777E, 0xB46066, 0xD17360, 0xCD7F6F, 0xCE8979, 0xCC8578, 0xC98277,
    0xC67E77, 0xC58078, 0xC58079, 0xC47E77, 0xC17D79, 0xC37B74, 0xC07871, 0xB36C6E, 0xC88071, 0xF0B67E, 0xF2C38E, 0xF2CB9D,
    0xF1CA9A, 0xF0CA9B, 0xF0CA9E, 0xEECAA0, 0xECCEAA, 0xEDCFAE, 0xEDCEAC, 0xEECEAC, 0x701B3E, 0x741D3D, 0x7E223F, 0x7F1E3C,
    0x892B45, 0xB65765, 0xDD8179, 0xE8947C, 0xEC9A7E, 0xEF9D7D, 0xEF9F7C, 0xEA856A, 0xBD4649, 0x9E4164, 0xAC4D66, 0xB2455D,
    0xB86480, 0x661E52, 0x642453, 0x652856, 0x682D5D, 0x5B1C56, 0x7A4B83, 0x915E92, 0x7F457D, 0x723870, 0x845084, 0x744279,
    0x7C4377, 0xB8667E, 0xD0959E, 0xEDD9C7, 0xA9595D, 0xB15763, 0x97666E, 0x4F0837, 0x61183D, 0x6F1F3D, 0x5F1138, 0x6E1E3D,
    0x7C2944, 0x631139, 0x86354F, 0x93364A, 0xB83C47, 0xD55556, 0xD95B58, 0xDA5857, 0xDE6060, 0xE16768, 0xE3706D, 0xD9635E,
    0xB93E49, 0xBD3F47, 0xC8484D, 0xCE4D51, 0xC8464D, 0xBF3C49, 0xCE4150, 0xDA555F, 0xC34357, 0xC14857, 0xD36568, 0xB45865,
    0x52103F, 0x5E1942, 0x5A1640, 0x6A2043, 0x782845, 0x863146, 0x7C2540, 0x701F3D, 0x5C113C, 0xAF6977, 0xC8726F, 0xD67864,
    0xCE8172, 0xCD8979, 0xCA8477, 0xC98378, 0xC68178, 0xC38079, 0xC1807A, 0xC27F79, 0xBF7C77, 0xC27C74, 0xBF7974, 0xB0696C,
    0xCE8670, 0xF3BC85, 0xF2CB9C, 0xF1CCA1, 0xF1CB9D, 0xF0CA9C, 0xEFCB9F, 0xEECCA4, 0xEDCEAB, 0xEDD1AE, 0xEECFAE, 0xEFCFAD,
    0x6A1C40, 0x721D3F, 0x7C203F, 0x7C1E3E, 0x8C364F, 0xB95A67, 0xDD7F75, 0xE89478, 0xEC9C7B, 0xEEA07D, 0xEF9F7B, 0xE48174,
    0xC45E77, 0xAB556D, 0x972B48, 0xC0627C, 0xA74F6F, 0x712D5D, 0x692857, 0x541343, 0x6A2E60, 0x652560, 0x836092, 0x845285,
    0x77417D, 0x89538A, 0x783E6D, 0x713970, 0x935A8B, 0xDD635F, 0xDE8885, 0xC29490, 0xB14F57, 0xBD867D, 0x591F46, 0x61183F,
    0x5A133A, 0x6A1A3A, 0x64153A, 0x6D1C3E, 0x772642, 0x68193F, 0x7C2C48, 0x893248, 0xA73746, 0xCC4E50, 0xD25354, 0xD45658,
    0xDA5B5E, 0xDD6364, 0xE0706F, 0xE26F6C, 0xDD6061, 0xD65057, 0xDB4A55, 0xE1505D, 0xE46275, 0xE47E8D, 0xE88997, 0xEC9BA6,
    0xE06E85, 0xD76E76, 0xD9726F, 0x712345, 0x531340, 0x60183F, 0x5B153D, 0x6A1C3F, 0x782744, 0x8C3449, 0x7B2342, 0x792A45,
    0x5C103D, 0xAA6473, 0xD48176, 0xD57967, 0xCD8574, 0xCC8978, 0xCA8678, 0xCA8578, 0xC98479, 0xC38278, 0xC28078, 0xC17E78,
    0xC17E78, 0xC27D76, 0xBC7974, 0xAF686B, 0xD58D72, 0xF5C791, 0xF2CFA1, 0xF1CC9E, 0xF0CC9F, 0xEFCCA1, 0xEFCDA5, 0xEECFA9,
    0xEED0AC, 0xEED0AA, 0xEFCEA7, 0xF0CCA3, 0x681A3F, 0x6F1A3B, 0x771C3B, 0x761B3C, 0x8F344B, 0xB6535E, 0xDE7D73, 0xE69279,
    0xEB9E7D, 0xEEA17C, 0xED9E80, 0xE38C8C, 0xBD5F70, 0x861E3D, 0xA54A69, 0xBD6078, 0x8F345A, 0x783F70, 0x763C64, 0x521145,
    0x71386E, 0x6F2F6A, 0x906E9E, 0x85558A, 0x6F3671, 0x79487D, 0x834F85, 0x825088, 0xB07EA5, 0xD16779, 0xCB888C, 0xBF6F70,
    0xDD9479, 0x6D324F, 0x551644, 0x652145, 0x5D193F, 0x62193F, 0x64193E, 0x6A1D3F, 0x762743, 0x6A1D42, 0x792A47, 0x822E45,
    0x922E43, 0xBD464D, 0xC84C50, 0xCD5255, 0xD3585A, 0xD85E61, 0xDC6768, 0xE16D6C, 0xE06967, 0xDB5E5E, 0xD9585A, 0xDD5459,
    0xE45762, 0xEA6A78, 0xEA6A79, 0xE56577, 0xD86D78, 0xDE7B76, 0xA54756, 0x4F0E3D, 0x5C1941, 0x60173E, 0x63183C, 0x68183B,
    0x7D2744, 0x8C354A, 0x802843, 0x7D2B45, 0x5F143F, 0xA76475, 0xDA887A, 0xD47D6B, 0xCA8676, 0xCB8977, 0xC98878, 0xC98678,
    0xC88577, 0xC48478, 0xC38379, 0xC17E77, 0xBE7E79, 0xBF7B76, 0xBA7873, 0xAC656A, 0xD99377, 0xF8D09C, 0xF3D0A3, 0xF1CD9F,
    0xF2CEA2, 0xF1D1A9, 0xF0D1AA, 0xF1D1A8, 0xEFCC9F, 0xEEC99A, 0xEEC796, 0xEEC695, 0x63193F, 0x69183B, 0x6A1538, 0x741D3D,
    0x973C4D, 0xB44C57, 0xDB756D, 0xE68F78, 0xEC9F7D, 0xEF9F7C, 0xEE9F7F, 0xE88571, 0xBB494B, 0x842046, 0xB05E7B, 0xAB4C64,
    0x702653, 0x7C4470, 0x6B2C54, 0x571C51, 0x692F61, 0x632A66, 0xA083B0, 0x81548B, 0x90689D, 0x723872, 0x856096, 0x966693,
    0x905680, 0xB2658B, 0xD29598, 0xEEA582, 0x844657, 0x4F1245, 0x601F47, 0x681F43, 0x5F1B41, 0x611A41, 0x631D44, 0x6C2143,
    0x702342, 0x6C1F41, 0x702445, 0x7C2E48, 0x802641, 0xAB3945, 0xBB444A, 0xC34B51, 0xCF5559, 0xD65C5F, 0xD86167, 0xDC676B,
    0xDD696B, 0xDA6267, 0xD95D61, 0xD65D5E, 0xD3585C, 0xD2555E, 0xD65964, 0xD86C72, 0xDD7679, 0xC45F62, 0x711F3F, 0x52133F,
    0x5B163E, 0x661E43, 0x682041, 0x66163A, 0x822D47, 0x8E364A, 0x812A42, 0x812A42, 0x64163E, 0xA46172, 0xDD8B7B, 0xD07D6E,
    0xC98878, 0xC98878, 0xC9877B, 0xC9887B, 0xCA877A, 0xC7877B, 0xC1847B, 0xC08179, 0xBC7D78, 0xBB7B77, 0xB67571, 0xA66066,
    0xD79579, 0xF8D6A5, 0xF4D2A5, 0xF2D0A1, 0xF2D1A8, 0xF2D3AD, 0xF1D0A6, 0xEFCA9B, 0xEEC897, 0xEEC89A, 0xEECA9F, 0xEFCBA0,
    0x61173E, 0x65173D, 0x5F1139, 0x7E2844, 0xA94A54, 0xBA525A, 0xD87069, 0xE68C76, 0xEC9C7C, 0xEE9C7C, 0xEF9D7F, 0xE78570,
    0xC15051, 0x872145, 0xA85072, 0x9B4669, 0x742F5C, 0x7C3B64, 0x571845, 0x5C2455, 0x662758, 0x60275F, 0x9678A4, 0x895D94,
    0x9473A4, 0x8C5E92, 0x73447D, 0x975682, 0x8F4773, 0x935986, 0xE9B7A8, 0xA46462, 0x4B0C40, 0x5D1E47, 0x5F1841, 0x6A1E41,
    0x5E183F, 0x641A40, 0x61193F, 0x631A40, 0x6E1F3F, 0x70203F, 0x68193C, 0x742542, 0x72213F, 0x8F273D, 0xAB3A44, 0xBD464D,
    0xCC5056, 0xD65A5F, 0xD76266, 0xD9666A, 0xDA686C, 0xDB696E, 0xDC6D72, 0xDE7174, 0xE38282, 0xE48784, 0xE3807D, 0xDE7D7F,
    0xDC7777, 0x8D344A, 0x60163E, 0x541540, 0x5C1B43, 0x6A2245, 0x681E3F, 0x62143B, 0x87324C, 0x90384A, 0x842D44, 0x862F44,
    0x69153E, 0xA15E6F, 0xDE927F, 0xCB7D6E, 0xCA8B79, 0xC98A7B, 0xC6887E, 0xC6877D, 0xC7857C, 0xC4877D, 0xC1847C, 0xBE817D,
    0xB97D7A, 0xB77B78, 0xB17372, 0xA05E68, 0xD5997E, 0xF9D9A8, 0xF4D4A6, 0xF3D1A4, 0xF2D0A6, 0xF3CFA3, 0xF0CDA2, 0xF0CDA2,
    0xF0CDA3, 0xF1CB9F, 0xF0C99F, 0xF0C89D, 0x5E153B, 0x60173E, 0x5B1440, 0x842D47, 0xA94751, 0xBC5258, 0xDA7168, 0xE68E77,
    0xEB9C7A, 0xEC9C7A, 0xEE9C7C, 0xE8856D, 0xC04E50, 0x892443, 0x9D435D, 0x903F64, 0x702B59, 0x7C4068, 0x551847, 0x612758,
    0x602254, 0x692A61, 0x88598A, 0x6D376E, 0x865C93, 0x9673A7, 0x7D508C, 0x935889, 0xBE5F81, 0x854369, 0xA67079, 0x64294E,
    0x591A46, 0x5D1B45, 0x611B43, 0x6D2243, 0x5F173E, 0x641B40, 0x63193D, 0x5F153C, 0x681A3D, 0x6F1D3D, 0x691B3D, 0x6F203F,
    0x71213E, 0x79213C, 0x7D1A36, 0xA33440, 0xBF4449, 0xD4585B, 0xD86267, 0xDA666B, 0xDC6E72, 0xDD7477, 0xE38483, 0xE48887,
    0xE68D88, 0xE7908A, 0xE48F8B, 0xDF8182, 0xC96B6D, 0x691A3E, 0x611C43, 0x541845, 0x622046, 0x6B2141, 0x691C3E, 0x65163C,
    0x8E3B50, 0x913B50, 0x873047, 0x862E44, 0x6E1940, 0x9F5D70, 0xDD9384, 0xC77E73, 0xCB8E7C, 0xC88A7B, 0xC5857D, 0xC3857E,
    0xC1847D, 0xC3857C, 0xC1847B, 0xBC807C, 0xB67B79, 0xB47977, 0xAD7372, 0x9F606A, 0xDBA88B, 0xF9DCAC, 0xF4D2A2, 0xF3CD9D,
    0xF1CEA2, 0xF2D0A5, 0xF2D0A4, 0xF1CB9D, 0xF0C79A, 0xEFC79A, 0xF5CC9D, 0xF9C997, 0x5E1640, 0x5D1740, 0x58143E, 0x752443,
    0xA0404E, 0xC2585B, 0xDB7269, 0xE68E78, 0xEA997B, 0xEC9C7B, 0xEE9D7C, 0xEB876D, 0xBE4F51, 0x7A193D, 0x9A435D, 0x6F274E,
    0x5F2153, 0x7D4067, 0x601F4E, 0x682958, 0x5C1E4E, 0x5B2059, 0x956F9D, 0x672A5F, 0x6F3771, 0x8C6199, 0x9374A9, 0x916AA1,
    0xB0729C, 0x985375, 0x773755, 0x581F47, 0x5C1F4A, 0x5C1B45, 0x621C44, 0x742343, 0x601A40, 0x661E41, 0x621B42, 0x61193F,
    0x60173E, 0x6A1D3E, 0x6A1E3F, 0x6D2041, 0x6D2142, 0x7D2843, 0x69173B, 0x6D1336, 0x94283C, 0xB33F48, 0xC14C54, 0xCC5A62,
    0xD5666B, 0xDA7072, 0xE0797C, 0xE48886, 0xE68E8B, 0xE58885, 0xE28886, 0xDD7B7C, 0xB25058, 0x60143F, 0x60254D, 0x58224D,
    0x612248, 0x6C2343, 0x64193E, 0x68193F, 0x924053, 0x8F3B4E, 0x883348, 0x8C3448, 0x721F43, 0xA05B6D, 0xDE9384, 0xC27B74,
    0xC38478, 0xC5857B, 0xC2837D, 0xC28681, 0xBF857E, 0xC0837D, 0xBE827B, 0xB87D7C, 0xB47A78, 0xB37877, 0xA86F71, 0xA3646B,
    0xE6B890, 0xF8DDAD, 0xF4CF9D, 0xF3CD9A, 0xF3D0A2, 0xF3D1A6, 0xF3CD9F, 0xF2C797, 0xF5C996, 0xF4BE8B, 0xDE9772, 0xB3675B,
    0x5B153F, 0x5C143D, 0x54103B, 0x67193D, 0x973C4B, 0xB84E55, 0xDB746A, 0xE68F78, 0xE9977B, 0xEB9A7A, 0xEE9B7E, 0xE9856B,
    0xAE3D47, 0x934F6D, 0xB06B81, 0x7A3860, 0x602150, 0x753058, 0x66224F, 0x672551, 0x561746, 0x4F144D, 0x9073A1, 0x8D5E8E,
    0x6A2A63, 0x825083, 0x825689, 0x856099, 0xA384B1, 0x9F709C, 0xA67896, 0x63335F, 0x4D113F, 0x581C48, 0x6B2145, 0x7C2A46,
    0x5B173E, 0x692041, 0x5E183F, 0x631A40, 0x5F163D, 0x62183E, 0x6C2141, 0x6F2343, 0x6C2042, 0x762341, 0x882B42, 0x79203F,
    0x8A2C47, 0x99364C, 0xAC4556, 0xB55260, 0xC25C67, 0xD3656F, 0xD9757C, 0xDF7D7F, 0xE28A87, 0xE18684, 0xD97D80, 0xD3797B,
    0xA9525B, 0x531542, 0x521B48, 0x5A224C, 0x64244C, 0x6B2446, 0x601A3F, 0x671C40, 0x913F55, 0x914052, 0x88374D, 0x8F374B,
    0x762144, 0xA96572, 0xD88B7C, 0xAD6061, 0xAF6162, 0xB86E6D, 0xB97574, 0xB97B7A, 0xBF7F7C, 0xC0837E, 0xBD827E, 0xB97E7C,
    0xB27979, 0xAE7575, 0xA1666E, 0xAE6F6F, 0xF1C99A, 0xF7D6A4, 0xF4CC9A, 0xF3CD9B, 0xF4CC9B, 0xF5CA99, 0xF2C494, 0xEEB88B,
    0xD68A6B, 0x95444B, 0x5E1236, 0x540A37, 0x641B40, 0x611A41, 0x540F3C, 0x61153A, 0x872D41, 0xA6414E, 0xDA7167, 0xE58D79,
    0xE9987C, 0xE9977B, 0xED9979, 0xE07767, 0xC87480, 0xB27A7D, 0x80395A, 0x75395C, 0x531849, 0x78355E, 0x682451, 0x672653,
    0x60224F, 0x55154B, 0x8C6093, 0x9C75A2, 0x723B6E, 0x61265B, 0x8B6599, 0x855F93, 0x8A6597, 0x926690, 0x7C416A, 0xB08AA3,
    0x673966, 0x4B103F, 0x732547, 0x7B2A45, 0x5C1941, 0x6B2144, 0x5C1641, 0x621A40, 0x60173E, 0x60173F, 0x651E42, 0x6D2040,
    0x691C3E, 0x67183B, 0x8C2F43, 0xAD4351, 0xCA5B63, 0xD16066, 0xD46669, 0xD36A6A, 0xCF6A6C, 0xD76E72, 0xDB7B79, 0xDB7E7A,
    0xD97C7A, 0xDA817E, 0xDD8D86, 0xE2A699, 0xDFB1A2, 0xBE9392, 0x825771, 0x55244E, 0x551440, 0x641C43, 0x5B1B44, 0x681F43,
    0x8F4054, 0x8E3F54, 0x87374F, 0x8F374C, 0x7A2549, 0xB46D73, 0xCE7C71, 0xAA565C, 0xAB555C, 0xAB575D, 0xAC5A61, 0xAA5D65,
    0xA9646A, 0xB16D6F, 0xB67575, 0xB47678, 0xB1787A, 0xAD7475, 0x9C626D, 0xBE8177, 0xF8D39E, 0xF5CC96, 0xF4C792, 0xF3CA9A,
    0xF4C897, 0xF1C28F, 0xEFB98E, 0xCC806E, 0x6F1D3D, 0x490838, 0x671C3F, 0x832D45, 0x8B425B, 0x792B47, 0x631A3F, 0x67193F,
    0x771E3B, 0x8E2E42, 0xD1635D, 0xE68B76, 0xE9957B, 0xE99479, 0xEA9780, 0xE8968B, 0xC3736E, 0x761F46, 0x92526E, 0x5E2249,
    0x4B0F41, 0x762F58, 0x63204C, 0x61204F, 0x7E3D69, 0x642153, 0x673164, 0x926896, 0x815486, 0x7E4F88, 0x987FA6, 0x764379,
    0x7D4B85, 0x895C8D, 0x834D80, 0xA97791, 0x946B8A, 0x5C2854, 0x701E41, 0x762646, 0x5D1C44, 0x6F2647, 0x5B1741, 0x5F1840,
    0x631A41, 0x5F1840, 0x631A41, 0x6C2243, 0x6A1F41, 0x66193D, 0x882D45, 0xBA4C56, 0xCC5B5F, 0xCC5A5E, 0xCB5A60, 0xD06368,
    0xD3676A, 0xD8696C, 0xD97072, 0xD66E6F, 0xD56F6F, 0xD97473, 0xDF8F83, 0xE4AA94, 0xE9BBA2, 0xF2C6AA, 0xF0C7AF, 0xCDA59E,
    0x8B5E72, 0x551942, 0x490B37, 0x671E43, 0x904255, 0x883952, 0x84334D, 0x8C3349, 0x78274B, 0xBB7173, 0xC9766F, 0xB66A6A,
    0xBC6C69, 0xB46263, 0xAF5B61, 0xA6535E, 0xA14E59, 0x9E4C58, 0xA0525C, 0x9F5962, 0x9F5B63, 0xA16068, 0x935263, 0xC08075,
    0xF9CE94, 0xF4C48C, 0xF4C594, 0xF3C99A, 0xF4C999, 0xF1BD90, 0xCC7F6C, 0x772641, 0x5E123A, 0x762442, 0x903448, 0x93394C,
    0xA97684, 0xA0606F, 0x883950, 0x802B46, 0x701B3B, 0x771E3B, 0xC85855, 0xE78975, 0xE9937A, 0xEA9379, 0xEA9C87, 0xEA8F75,
    0xB04150, 0xAA5E79, 0x935566, 0x470939, 0x4E0F3D, 0x6B2A5A, 0x773C66, 0x48093D, 0x884B79, 0x80426E, 0x4F1244, 0x733E6D,
    0x8A5887, 0x885B8A, 0x7A4B7A, 0x784780, 0x88588D, 0x8A6298, 0x986998, 0xA56F88, 0x763764, 0x865376, 0x6F1D42, 0x6E2042,
    0x5E193F, 0x722543, 0x5C1640, 0x5C1740, 0x662043, 0x5E1B42, 0x601940, 0x6A2143, 0x762745, 0x65183E, 0x7C2A45, 0xB44B54,
    0xC55359, 0xCB595D, 0xCE5C63, 0xCD6166, 0xD76768, 0xDA696B, 0xD86A6E, 0xD66B6D, 0xD77170, 0xDD7F79, 0xE19887, 0xE5AD95,
    0xE6B29A, 0xE7B69D, 0xEABBA2, 0xF5C5A9, 0xF9CEB3, 0xC6A39D, 0x5C2F53, 0x560B35, 0x8A3B50, 0x83364F, 0x802E48, 0x862D44,
    0x76254A, 0xBF7273, 0xC97A75, 0xBD7976, 0xC17871, 0xBC7271, 0xB76E70, 0xB4686C, 0xAC5C64, 0xA5535D, 0x9D4957, 0x914353,
    0x914455, 0xAD5D5C, 0x8B3A4D, 0xB16664, 0xFACB90, 0xF4C48E, 0xF4C99A, 0xF3C797, 0xF2BE8C, 0xCE826A, 0x6E1D3C, 0x6F1E3F,
    0x842F46, 0x8A3248, 0x94394A, 0x94384B, 0xA57887, 0xAB8390, 0xA76D7B, 0x994B59, 0x76223E, 0x71193B, 0xC85A58, 0xE78A78,
    0xE9947A, 0xEA9579, 0xED9878, 0xE37A67, 0xD37F85, 0xB26B7A, 0x68244C, 0x4E113E, 0x4C0B39, 0x6A2C5C, 0x834A79, 0x7F4777,
    0x80446F, 0x6D2E61, 0x6E3669, 0x733261, 0x753E70, 0x7E4F7C, 0x632860, 0x734077, 0x8A5C8F, 0x9A75A6, 0x9E7DA8, 0x82486C,
    0x75476F, 0x814B72, 0x824161, 0x5A133E, 0x5F1F46, 0x742847, 0x601B44, 0x5A1944, 0x642247, 0x642246, 0x5F1A42, 0x6C2245,
    0x842F47, 0x6C1E40, 0x782947, 0xB04B56, 0xC95458, 0xCD595E, 0xC95B61, 0xD26367, 0xDB6A6C, 0xD96D6D, 0xD86769, 0xD86A6C,
    0xDB7874, 0xDF867D, 0xE19686, 0xE4A791, 0xE6AD94, 0xE7B196, 0xE9B69B, 0xEDBCA1, 0xEFBFA4, 0xFCD0B4, 0xE5C6B3, 0x77435F,
    0x691D41, 0x7C314C, 0x782845, 0x842C45, 0x722148, 0xC47775, 0xC87B73, 0xC5807A, 0xC17C76, 0xBE7977, 0xBA7779, 0xBA7376,
    0xB56F71, 0xAF676C, 0xA86068, 0x9C5462, 0xA25058, 0xC76C59, 0x9C3E4B, 0xC57A6B, 0xFAD099, 0xF4CB99, 0xF5CB9B, 0xF7CB95,
    0xCF866B, 0x661338, 0x792743, 0x963B4A, 0x8C3249, 0x9D4150, 0x9A3F4D, 0x93364A, 0xA06D7F, 0xAB8592, 0xAE8A96, 0xAB717B,
    0x823249, 0x6F183A, 0xC5595A, 0xE78D78, 0xEA9A7B, 0xEA987A, 0xED9B78, 0xE47D6D, 0xE29D99, 0xA56074, 0x5D1945, 0x5A1742,
    0x5D1A44, 0x68244E, 0x601F4B, 0x712F55, 0x64214E, 0x642553, 0x6B305A, 0x591A4A, 0x784877, 0x642C5E, 0x62285E, 0x743F76,
    0x7F4B80, 0x94699A, 0xA286AD, 0x7F5281, 0x8F587A, 0x966384, 0x854D6D, 0x541543, 0x5E214A, 0x732749, 0x611D45, 0x5A1D48,
    0x672347, 0x672348, 0x601E47, 0x732749, 0x993B4E, 0x842C46, 0x6B1D42, 0xB75059, 0xCB555A, 0xC1555D, 0xD25F65, 0xDA686A,
    0xD9686A, 0xDA6B6A, 0xD96969, 0xDB716F, 0xDF7E76, 0xE0897D, 0xE19082, 0xE39B89, 0xE4A28D, 0xE6AA90, 0xE9B093, 0xEDB89B,
    0xF0C0A2, 0xEFC2AA, 0xF9CFB8, 0xEACCB7, 0x7F435B, 0x651439, 0x762643, 0x7E2945, 0x72264B, 0xCB7B73, 0xC47A75, 0xC48279,
    0xBF7D78, 0xBE7B77, 0xBE7A78, 0xBB7777, 0xB87577, 0xB36F73, 0xAE6C71, 0xA66670, 0xAB6161, 0xC36A55, 0xB7544F, 0xE3A47F,
    0xF8D29C, 0xF6CD9B, 0xF5CC9A, 0xF0B781, 0x9D4A4F, 0x6D1B41, 0xA0424F, 0x973A4C, 0xA04150, 0xAE5056, 0x993D4E, 0x9B3E50,
    0x7B3958, 0xA17385, 0xB3959D, 0xBA9294, 0x8F495A, 0x6E1638, 0xC75B5B, 0xE98E78, 0xED9C7E, 0xEC9C7C, 0xED9D7C, 0xE8826C,
    0xD38384, 0x87405F, 0x4E113B, 0x53133C, 0x5D1C44, 0x692950, 0x601F46, 0x521141, 0x78396A, 0x6B2B56, 0x4F103F, 0x672D5A,
    0x5B2356, 0x753E6E, 0x65295D, 0x6E346A, 0x77447C, 0x916290, 0x966B98, 0xA17EA9, 0x96577C, 0x855170, 0x9A6A83, 0x5B214B,
    0x59153D, 0x752846, 0x651B41, 0x591641, 0x682046, 0x682447, 0x5D183E, 0x722140, 0xAD4752, 0xA33C4A, 0x66173E, 0xB04B58,
    0xC7545C, 0xD16062, 0xD96264, 0xDA686A, 0xD96A69, 0xDB6968, 0xDB6B6C, 0xDC726E, 0xDF7C73, 0xE08579, 0xE18B7D, 0xE39583,
    0xE29C87, 0xE5A28C, 0xE8AB8F, 0xEBB597, 0xEFBC9E, 0xF2C2A9, 0xF0C5B1, 0xFBD7C1, 0xDEBCAE, 0x651C41, 0x6B1738, 0x6F1C3E,
    0x7B2C4D, 0xCF7C6F, 0xC27A72, 0xC48175, 0xC07D74, 0xC07B74, 0xBF7A76, 0xBD7A78, 0xBA7677, 0xB57376, 0xB06F74, 0xAA6A72,
    0xB56A65, 0xC86D53, 0xC96A54, 0xF0BE8D, 0xF6D29F, 0xF6CD99, 0xF5CC96, 0xD78B6A, 0x892D47, 0x943C4F, 0x9E3E4F, 0xA04253,
    0xB25359, 0xA74954, 0x9C3E50, 0xA34858, 0x540D38, 0x8C546F, 0xB99DA3, 0xBF9C9B, 0x995F6A, 0x641036, 0xC2595A, 0xEA8F7A,
    0xEC9C7D, 0xEC9C7C, 0xED9D7C, 0xE88269, 0xD27570, 0x894762, 0x4D0F3C, 0x53133F, 0x64254E, 0x5D1E48, 0x541A44, 0x5A1644,
    0x814674, 0x6A2C57, 0x581541, 0x602050, 0x6C2F61, 0x6E3365, 0x75386F, 0x7E487D, 0x744178, 0x7E497D, 0x906093, 0xA88CB2,
    0x8A577A, 0x591A4D, 0xB990A3, 0x673457, 0x4F0B35, 0x792743, 0x691C3F, 0x58133D, 0x672146, 0x692447, 0x5D183F, 0x731C3C,
    0xBD4D52, 0xAC3F48, 0x64143B, 0xAB4655, 0xD75A5A, 0xD86162, 0xD86063, 0xDB6464, 0xDA6B69, 0xDC6B68, 0xDB6D6B, 0xDD7370,
    0xDF7872, 0xE08076, 0xE0897B, 0xE28F7F, 0xE29886, 0xE5A18B, 0xE5A98F, 0xE9B295, 0xEDBA9D, 0xF1C0A8, 0xF1C6B1, 0xF1C8B7,
    0xFFE4C9, 0xAC7D81, 0x590933, 0x610F38, 0x84334F, 0xCF7C70, 0xC37B72, 0xC57F73, 0xC27C72, 0xC07C73, 0xBD7975, 0xBB7876,
    0xBA7576, 0xB77576, 0xB07074, 0xAC696E, 0xB56461, 0xD1795D, 0xDE986E, 0xF3C996, 0xF7D19E, 0xF6CD99, 0xF4C588, 0xB35B53,
    0x8F2F49, 0x9D3F50, 0xA14454, 0xB25058, 0xAA4853, 0x983A4C, 0xA64856, 0xA14B5F, 0x4A0836, 0x7B3F61, 0xBA9CA1, 0xC4A5A1,
    0x97616B, 0x590A33, 0xC15856, 0xE99077, 0xEC9F7B, 0xEC9D7B, 0xEE9F7D, 0xEB886B, 0xCB6668, 0x884A63, 0x4D103F, 0x591B46,
    0x612048, 0x581640, 0x571942, 0x59194A, 0x875580, 0x60204B, 0x632148, 0x511140, 0x6B2D5B, 0x692A5B, 0x692C61, 0x835084,
    0x804F80, 0x703770, 0x946A9A, 0xAA8BAF, 0x7A4A6F, 0x5A1249, 0xBD9BAB, 0x5D294E, 0x55123B, 0x812E46, 0x6C2345, 0x581440,
    0x692043, 0x621C41, 0x5D153D, 0x832942, 0xBA494C, 0xAC3E47, 0x6E1A3D, 0xB14854, 0xD85C5A, 0xD75B5C, 0xDA6363, 0xDC6663,
    0xDB6764, 0xDB6A64, 0xDC6E6B, 0xDE736E, 0xDE756F, 0xE07E74, 0xDF8478, 0xE08D7F, 0xE29786, 0xE39D8B, 0xE4A891, 0xE6AF95,
    0xEBB99E, 0xF0C1AA, 0xF1C7B2, 0xF1CBB9, 0xF6D4C3, 0xECCCB7, 0x6D2143, 0x4C012C, 0x913D50, 0xD28274, 0xC47E71, 0xC68173,
    0xC47D72, 0xC17C73, 0xBD7975, 0xBA7573, 0xB77273, 0xB47373, 0xAE6D6F, 0xAC6263, 0xCA7668, 0xECAB80, 0xF4C08B, 0xF7CF9C,
    0xF7D19D, 0xF9CF95, 0xE3A16F, 0xA33E4A, 0x9F3D4D, 0xA34150, 0xB14D55, 0xB24F55, 0x983C4E, 0xA0404F, 0xA54957, 0x9A4B60,
    0x470531, 0x713358, 0xB5929C, 0xC4A5A2, 0x95606A, 0x580831, 0xBF5554, 0xEC9175, 0xEC9F7B, 0xEB9F7B, 0xEFA27C, 0xEC8667,
    0xD87871, 0x723859, 0x541341, 0x601F49, 0x58153F, 0x591641, 0x4D0C3A, 0x6B366B, 0x936086, 0x51123D, 0x5F1E48, 0x65224C,
    0x571A47, 0x541646, 0x632457, 0x774276, 0x845383, 0x622863, 0x8F6596, 0xA382AA, 0x8F638A, 0x6B2F64, 0xA988A4, 0x6A3B64,
    0x60183D, 0x802E48, 0x6B2143, 0x61193F, 0x661B41, 0x601E45, 0x64173D, 0x993345, 0xC85255, 0xBA4A50, 0x741E40, 0xB54A53,
    0xDA5E5E, 0xD96161, 0xDB6563, 0xDD6563, 0xDC6561, 0xDB6560, 0xDB6B67, 0xDC716C, 0xDD736C, 0xDE7C72, 0xDF8178, 0xE18A7D,
    0xE09181, 0xE39B88, 0xE4A490, 0xE5AE95, 0xEAB69E, 0xEFC0AA, 0xF0C6B2, 0xEFCAB9, 0xEFCBBE, 0xFFE3C9, 0x9F676F, 0x3C0027,
    0xA04A53, 0xD28272, 0xC38074, 0xC37F74, 0xC47E72, 0xC17B72, 0xBC7873, 0xB87470, 0xB57070, 0xAF6E70, 0xAA696D, 0xB66362,
    0xEAAF88, 0xF9CE9D, 0xF6C38F, 0xF7D29E, 0xF8D39F, 0xF7C586, 0xC86D55, 0x9F3748, 0xA03C4B, 0xAE4852, 0xBB5557, 0xA74653,
    0x983B4E, 0xA74A55, 0x9F4B5D, 0x984D62, 0x45022F, 0x69274F, 0xB28F99, 0xC6A8A3, 0x9D6A70, 0x5B0931, 0xBC5152, 0xED9275,
    0xEC9E7B, 0xEC9F7B, 0xEEA178, 0xED8A6A, 0xCB6764, 0x672451, 0x601D4A, 0x57153F, 0x58133C, 0x56123F, 0x5A1D4F, 0x7F4A75,
    0x7E4368, 0x4D113F, 0x60214C, 0x642148, 0x52103C, 0x5D1D4A, 0x5C1D4C, 0x652B5F, 0x855687, 0x733E79, 0x966F9E, 0xA07BA0,
    0x976693, 0xB08BB1, 0x916E8E, 0x653151, 0x661839, 0x6B1B3C, 0x691E40, 0x661E41, 0x651A3E, 0x61193F, 0x7A2443, 0xBC4B50,
    0xD65F5D, 0xB6444C, 0x792342, 0xBB4E53, 0xDA5C5A, 0xD96362, 0xDC6763, 0xDE6661, 0xDB6560, 0xDB6763, 0xDC6A66, 0xDD6E69,
    0xDC736D, 0xDE7870, 0xDF8177, 0xDF867C, 0xE18D81, 0xE39988, 0xE3A28E, 0xE5AD96, 0xE7B59E, 0xECBEAA, 0xEFC4B2, 0xEFC8B7,
    0xEECABC, 0xFCDCC7, 0xCFA599, 0x3F012D, 0xAA5155, 0xD08273, 0xC38076, 0xC17D72, 0xC17C72, 0xBE7973, 0xBC7872, 0xB87671,
    0xB37170, 0xAE6E6F, 0xA96367, 0xC26F65, 0xF4CA9A, 0xF7D29F, 0xF6C994, 0xF7D3A2, 0xF9D299, 0xEAA56F, 0xBA4F4B, 0xA83F49,
    0xA43C49, 0xB54D52, 0xB55055, 0x9E3E50, 0xA04352, 0xA44E5C, 0x984A5E, 0x8D4158, 0x44022E, 0x63244D, 0xB08C96, 0xC4A7A4,
    0xA37478, 0x600F35, 0xB74C50, 0xEF9275, 0xEB9C7C, 0xE5997C, 0xE69B7E, 0xE58770, 0xC96C76, 0x763561, 0x531442, 0x56153F,
    0x5A163F, 0x5F1F4C, 0x652852, 0x5E1F4D, 0x7E3E65, 0x581A46, 0x61234D, 0x5E1D46, 0x541441, 0x5D1D4C, 0x652858, 0x662857,
    0x551A50, 0x8F689A, 0x9E77A4, 0x926089, 0x763C67, 0x916786, 0x8E5C7A, 0x82456A, 0x834164, 0x7B365A, 0x772E4D, 0x681C3F,
    0x651A3E, 0x68173C, 0x953043, 0xC85453, 0xD75F5D, 0xAD3F4B, 0x7D2744, 0xC45356, 0xDB5F5B, 0xD9615F, 0xDD6966, 0xDF6964,
    0xDC6560, 0xDB635E, 0xDC6761, 0xDC6B65, 0xDC6F69, 0xDE766F, 0xDF7D75, 0xDF847A, 0xE08A7D, 0xE29285, 0xE29D8C, 0xE4AC95,
    0xE7B49E, 0xEABCAA, 0xEDC2B1, 0xEFC6B5, 0xEFCABA, 0xF4D1C1, 0xF0CCB5, 0x5F1D42, 0xAE5354, 0xCC8273, 0xC18176, 0xBF7B72,
    0xBD7B72, 0xBA7871, 0xBB7771, 0xB87772, 0xB37373, 0xAC6D70, 0xAD6263, 0xCE7E6C, 0xF6CE9A, 0xF5C890, 0xF6C893, 0xF9D5A4,
    0xF6C689, 0xD6795A, 0xBD4F50, 0xAF444B, 0xAA424C, 0xB74F51, 0xAD4951, 0x9B3B4C, 0xA34957, 0x9E4B5D, 0x924257, 0x883A54,
    0x450532, 0x5B1B45, 0xA9818E, 0xC6A9A4, 0xA77B7C, 0x611337, 0xB64B50, 0xED9074, 0xEC9D7B, 0xEA9E7B, 0xEBA07C, 0xE98A6B,
    0xCB6F78, 0x6F2853, 0x581541, 0x591640, 0x57143F, 0x581944, 0x5D1F49, 0x5C1D4A, 0x6E2E55, 0x5F1F48, 0x581A46, 0x612249,
    0x54133E, 0x561745, 0x6E3261, 0x632B5A, 0x5E225C, 0x814E81, 0x8C6393, 0x936796, 0x7F4771, 0x59193F, 0x5F1A3B, 0x642345,
    0x763455, 0x804361, 0x873F59, 0x6C2142, 0x5E143C, 0x772240, 0xAB3F49, 0xCE5759, 0xD66262, 0xA13A4B, 0x8A314B, 0xD05B5B,
    0xDB615F, 0xDA6664, 0xDD6864, 0xDF6965, 0xDD6763, 0xDB625E, 0xDB6561, 0xDB6A65, 0xDC6D67, 0xDD746E, 0xDD7A74, 0xDE8178,
    0xDE877C, 0xE19182, 0xE09987, 0xE3A68F, 0xE6B29C, 0xE8B9A7, 0xECBFB1, 0xEEC4B4, 0xEFC9B9, 0xEFCABE, 0xFBDAC0, 0x8F5061,
    0xB15353, 0xC98476, 0xC18276, 0xBF7B73, 0xBE7B73, 0xB97770, 0xBA7871, 0xB87873, 0xB37371, 0xAC6D6E, 0xB16664, 0xD37F68,
    0xF8CC93, 0xF7C68A, 0xF6C995, 0xFAD6A0, 0xECAC75, 0xC95B51, 0xBC5053, 0xAC444D, 0xA9414A, 0xB0484E, 0x9C3949, 0x9F3F4E,
    0xA44D5C, 0x97455A, 0x914057, 0x8F435C, 0x4C0B37, 0x561240, 0xA07484, 0xC2A7A3, 0xA98081, 0x6B1E40, 0xB44950, 0xEB8D71,
    0xEB9D7A, 0xEB9D7A, 0xEDA07A, 0xE8886C, 0xD3777B, 0x7E3056, 0x591741, 0x51113E, 0x5F1E4C, 0x6D2D55, 0x5D1D46, 0x571B49,
    0x65264E, 0x5D1D47, 0x581D48, 0x5E2550, 0x591945, 0x5B1E4D, 0x692E5F, 0x6C3464, 0x673568, 0x835C91, 0x8F6C9D, 0x764175,
    0x8D608E, 0x8A5682, 0x652C56, 0x5C173D, 0x641A3D, 0x65193B, 0x661C3D, 0x631C3F, 0x5F1339, 0x8D2F42, 0xBB484E, 0xCD585B,
    0xD15F5D, 0x8A2E47, 0x9A3E52, 0xD6605E, 0xDC6665, 0xDD6967, 0xDD6B68, 0xDF6A64, 0xDD6763, 0xDA6562, 0xDB6662, 0xDC675E,
    0xDD6C64, 0xDD726D, 0xDD7871, 0xDE7F75, 0xDE867B, 0xE08D7F, 0xE09383, 0xE2A18B, 0xE5AF97, 0xE7B7A5, 0xEABDAD, 0xEDC3B3,
    0xEFC7B7, 0xEEC9BB, 0xF7D7C3, 0xC58B87, 0xBC5C56, 0xC28074, 0xBD7E77, 0xBE7D76, 0xBF7E76, 0xBD7D76, 0xBB7A75, 0xB87975,
    0xB27472, 0xB07070, 0xBD6F68, 0xCC705D, 0xE19768, 0xEDAF76, 0xF7CD99, 0xF9D397, 0xE59767, 0xC14E4E, 0xB84A50, 0xA63E4C,
    0xA8444E, 0x993647, 0x95374B, 0xA94E59, 0x994455, 0x914056, 0x94455C, 0x90455D, 0x4D0D38, 0x4F0E3C, 0x976B7E, 0xBCA2A1,
    0xAC8686, 0x762A46, 0xB3454B, 0xEB8B70, 0xEB9B7A, 0xE99C79, 0xED9F7B, 0xE7876D, 0xD57571, 0x8C4160, 0x5B1945, 0x521542,
    0x6A284F, 0x5C1E46, 0x511440, 0x60224E, 0x652550, 0x61234E, 0x63244F, 0x5F214B, 0x591945, 0x652C5A, 0x5D1C4A, 0x6B3262,
    0x6C3869, 0x5E2A57, 0x7A527F, 0x764572, 0x63265F, 0xA383AC, 0x7F5576, 0x5B0F37, 0x611B3F, 0x661D3E, 0x5D153A, 0x5A1239,
    0x6D1A3B, 0xA13A47, 0xC65053, 0xCF5C5C, 0xC04F54, 0x7A2544, 0xB74F56, 0xDB6461, 0xDB6767, 0xDD6966, 0xE06E69, 0xE06A65,
    0xDF6962, 0xDD6861, 0xDB6560, 0xDC6760, 0xDC6C68, 0xDD716C, 0xDD776E, 0xDF7B71, 0xDE8075, 0xDE877B, 0xE09180, 0xE19E88,
    0xE3A992, 0xE6B4A1, 0xE8BBAA, 0xEDC2B3, 0xF0C8BA, 0xEFC9BB, 0xF1D0BF, 0xEBBCAC, 0xCA6E5D, 0xA05456, 0xA35A5D, 0xAE6867,
    0xB97571, 0xBD7D77, 0xBC8078, 0xB97E78, 0xB57A75, 0xBA7670, 0xCB7C6E, 0xD07863, 0xC76856, 0xDF9671, 0xFAD79F, 0xF9CD8B,
    0xDC7F59, 0xBC4A4D, 0xA83F4C, 0xA23E4E, 0xA13D4C, 0x8D2F46, 0xA24656, 0xA14958, 0x903D54, 0x934257, 0x93475B, 0x83374D,
    0x4B0B34, 0x4F0C39, 0x936278, 0xC2A7A5, 0xB38F8C, 0x782E47, 0xB04149, 0xE8876D, 0xE99979, 0xEA9C79, 0xED9F7B, 0xEC8B6B,
    0xD06764, 0x8B4062, 0x5F1C47, 0x561641, 0x5B1A43, 0x511441, 0x5D1E4A, 0x64254F, 0x5A204D, 0x692D54, 0x5D1D45, 0x57163F,
    0x54133F, 0x5D1F4B, 0x5F2354, 0x7B467D, 0x8F6693, 0x5C1D4D, 0x561B48, 0x672F59, 0x733A6C, 0x8A5479, 0x662245, 0x5E1136,
    0x5C173B, 0x5E173A, 0x570E35, 0x63173A, 0x842A42, 0xB6474C, 0xC75153, 0xD25E59, 0x993548, 0x7F2A47, 0xD25F5C, 0xDA6460,
    0xDB6665, 0xDE6C67, 0xDF6E68, 0xDF6B67, 0xE06B63, 0xDF6962, 0xDC665F, 0xDB6760, 0xDB6A64, 0xDD7168, 0xDE756C, 0xDE7A70,
    0xDD7F75, 0xDE8879, 0xE0907E, 0xE09784, 0xE2A48D, 0xE4B19C, 0xE6B8A6, 0xEBC1B2, 0xEFC7B9, 0xF0CBBC, 0xF0CBBE, 0xF7D6C0,
    0xB66665, 0x83293F, 0x873243, 0x8D3A48, 0x984852, 0xA1565C, 0xA86265, 0xAD6D6E, 0xB37575, 0xC78276, 0xD38A6F, 0xC77059,
    0xC86B56, 0xEAAF84, 0xFDDAA1, 0xF2B876, 0xCE624F, 0xA63A48, 0x943348, 0xA4424D, 0x8C2C43, 0x983D51, 0xA14959, 0x954155,
    0x934258, 0x9A4D60, 0x8A3E54, 0x712340, 0x490A35, 0x460332, 0x8C5A72, 0xC8ABA6, 0xBC9C96, 0x803B51, 0xA93C47, 0xE6856E,
    0xE89878, 0xEA9C7A, 0xED9F7C, 0xEF906E, 0xC35C5E, 0x8F4468, 0x61204A, 0x58163F, 0x54123E, 0x591C48, 0x63234E, 0x5E214C,
    0x581E4B, 0x68274F, 0x67254C, 0x571641, 0x5A1843, 0x5C1E48, 0x541E4C, 0x6C376E, 0x946B9D, 0x8B6491, 0x723366, 0x824270,
    0x71365A, 0x5E1D42, 0x641B3F, 0x5A1439, 0x5A143A, 0x571139, 0x581038, 0x721F3C, 0xA13A46, 0xC45252, 0xCB5755, 0xBC4A4C,
    0x67163C, 0xA84954, 0xDC655C, 0xDA6360, 0xDB6665, 0xDE6B66, 0xE06B65, 0xDF6A65, 0xDF6C64, 0xDF6861, 0xDD675F, 0xDB645B,
    0xDB685F, 0xDC6D64, 0xDE7068, 0xDE776C, 0xDE7C70, 0xDE8375, 0xDF8C7B, 0xE09381, 0xE29D89, 0xE3AC97, 0xE5B6A6, 0xEABFB0,
    0xEDC5B7, 0xEFC9BB, 0xEFC9BD, 0xFBDCC5, 0xBB7C7D, 0x8A2F43, 0x933F4F, 0x8B3448, 0x862F44, 0x7E2A41, 0x7B2C43, 0x7B3147,
    0x873F51, 0xAE6360, 0xCC7E67, 0xD69169, 0xD48560, 0xF3C390, 0xFCD595, 0xE48F5F, 0xA83C44, 0x82223E, 0x953546, 0x943346,
    0x92394D, 0xA14B5B, 0x954155, 0x934053, 0x98485C, 0x964B61, 0x7E334C, 0x691A3A, 0x691E3D, 0x681A3D, 0x90586C, 0xC7AAA5,
    0xC5A89F, 0x874859, 0xA63E48, 0xE58470, 0xE89A78, 0xE89C77, 0xECA27D, 0xED9170, 0xB3555E, 0x884062, 0x5A1643, 0x561742,
    0x5A1944, 0x601E48, 0x5C1D47, 0x5A1D48, 0x5E1F4C, 0x67274F, 0x64234D, 0x601F48, 0x551640, 0x581943, 0x5B1B45, 0x531545,
    0x713D71, 0x9D81AE, 0x926898, 0x884B7B, 0x783A62, 0x540F38, 0x5F173B, 0x58153C, 0x57133A, 0x540D36, 0x611339, 0x892D42,
    0xB7464A, 0xC85251, 0xCE5852, 0x741B39, 0x7D2946, 0xD3605B, 0xDA655D, 0xDB6561, 0xDC6765, 0xDD6864, 0xDE6965, 0xE06D69,
    0xDF6D67, 0xE06B61, 0xDE6860, 0xDC655E, 0xDB6860, 0xDB6960, 0xDC6D65, 0xDC756A, 0xDE7A6D, 0xDF8173, 0xDE8578, 0xE08F7D,
    0xE29C88, 0xE2A691, 0xE4B2A1, 0xE8BCAA, 0xEBC2B4, 0xEDC7B9, 0xEEC9BC, 0xF8D6C4, 0xDAA99C, 0x913B4B, 0xA14F58, 0x9F4A54,
    0x96404F, 0x883247, 0x722340, 0x5D1439, 0x4F0E35, 0x6F2241, 0xDA9978, 0xECB877, 0xDF9568, 0xFACF94, 0xFBC77E, 0xBD5A4A,
    0x791C3E, 0x832743, 0x8C3045, 0x8C314B, 0xA4505F, 0x974457, 0x8C384F, 0x903E53, 0x9C4F62, 0x8F455A, 0x732742, 0x68193A,
    0x913F4F, 0x8D3C51, 0x9A6173, 0xC4A6A1, 0xCBB0A2, 0x935A64, 0xA84048, 0xE4826C, 0xE99C79, 0xE99D79, 0xEFA57B, 0xE78E6C,
    0xB55865, 0x8B4364, 0x54113E, 0x5D1C45, 0x601F46, 0x55143F, 0x5B1C46, 0x581A46, 0x5E1E48, 0x62244E, 0x662650, 0x5B1D47,
    0x521541, 0x561742, 0x62214A, 0x64244E, 0x551546, 0x794775, 0x93729E, 0x8E5E8F, 0x7E456A, 0x59153D, 0x56143A, 0x551238,
    0x520E36, 0x591037, 0x78213D, 0xA33A46, 0xCB5653, 0xCE5750, 0x7F233B, 0x6A1B3E, 0xC45354, 0xD9625B, 0xD9635E, 0xDD6762,
    0xDC6964, 0xDD6863, 0xDF6965, 0xDF6D67, 0xDF6D67, 0xDF6D65, 0xDF6A61, 0xDD6860, 0xDC665E, 0xDC6A61, 0xDB6A62, 0xDB7067,
    0xDD7669, 0xDD7E70, 0xDE8176, 0xDF8C7B, 0xE19481, 0xE3A08C, 0xE4AF9D, 0xE6B8A8, 0xE9C0B2, 0xECC6B8, 0xEDC8BB, 0xF3CDBF,
    0xEFC9B4, 0x9A4B57, 0x9A4954, 0xA7545A, 0x9F4B55, 0x934252, 0x86364C, 0x712542, 0x50103A, 0x6B1D41, 0xEDAE78, 0xECB273,
    0xE7A772, 0xFFCF87, 0xD07E5A, 0x751939, 0x752040, 0x882B42, 0x842B45, 0x9E485A, 0x99495B, 0x84334C, 0x86344C, 0x96485D,
    0x9D566C, 0x893F57, 0x772C47, 0x6C2140, 0x8A3E52, 0x995164, 0xA4727F, 0xBFA4A3, 0xC8AEA3, 0x9B686D, 0xA8424A, 0xE2826D,
    0xE89B7A, 0xEA9F7A, 0xF0A77B, 0xE68E6C, 0xAE5666, 0x823C5E, 0x531440, 0x591942, 0x591742, 0x5A1843, 0x601E47, 0x581944,
    0x551845, 0x692B56, 0x5E2350, 0x6D3058, 0x521340, 0x622552, 0x6A2B55, 0x642552, 0x652A59, 0x6E3163, 0x804D79, 0x7F5079,
    0x692C52, 0x55113A, 0x58173E, 0x521139, 0x510E37, 0x6E1E3D, 0x9A3645, 0xB9474A, 0xB04448, 0x731D39, 0x701C3C, 0xBA4A4E,
    0xD55C57, 0xD75E5A, 0xDA645E, 0xDD6761, 0xDD6962, 0xDD6963, 0xDE6864, 0xDF6C66, 0xDF6C65, 0xDF6E67, 0xE06C64, 0xDF6A63,
    0xDC6862, 0xDB6C64, 0xDB6960, 0xDC6E63, 0xDC7468, 0xDD786C, 0xDE8174, 0xDE897B, 0xE08F7F, 0xE19986, 0xE2A694, 0xE4B3A3,
    0xE7BCAE, 0xEBC3B7, 0xEEC8BB, 0xEEC8BB, 0xF9D6C0, 0xB26D6F, 0x8E3B4A, 0xA55459, 0xA04E55, 0x984653, 0x914152, 0x83364B,
    0x772A44, 0x892E47, 0xDF9C78, 0xFACF91, 0xF0AE70, 0xC86F54, 0x7C233F, 0x691A3E, 0x802942, 0x802641, 0x984356, 0x9E4E5E,
    0x84364E, 0x802F49, 0x8E3E55, 0xA0566B, 0x954D64, 0x853C53, 0x732846, 0x712947, 0x752D48, 0x945164, 0x986276, 0xBA9C9E,
    0xC6ACA3, 0x9E6B70, 0xA8444B, 0xE0806B, 0xE89B7B, 0xEB9F7B, 0xEEA67D, 0xE9916E, 0xA95164, 0x712F54, 0x4E113D, 0x5C1D47,
    0x601E48, 0x5E1B46, 0x60214A, 0x5A1D47, 0x5A1A47, 0x763C65, 0x602655, 0x7D456F, 0x622450, 0x60224E, 0x662852, 0x652E5A,
    0x6C3562, 0x672A61, 0x956A98, 0x773F69, 0x5F1F48, 0x53123B, 0x57153B, 0x541239, 0x5B1235, 0x76223B, 0x82283F, 0x73223D,
    0x701C3C, 0x953245, 0xC55152, 0xCE5856, 0xD15C58, 0xD6615B, 0xD9655E, 0xDA665F, 0xDD6761, 0xDE6A63, 0xDD6964, 0xE06C65,
    0xDF6F65, 0xDF7168, 0xE07168, 0xDF6E66, 0xDD6D66, 0xDC6A62, 0xDD6A60, 0xDC6C61, 0xDC7166, 0xDC776B, 0xDD7D72, 0xDE8579,
    0xE18E7F, 0xE19686, 0xE2A090, 0xE2AD9D, 0xE5B7AA, 0xE9C0B3, 0xECC7BB, 0xECC8BE, 0xF7D7C4, 0xCB958C, 0x883545, 0x9A4D56,
    0x9D4F56, 0x9A4C57, 0x964B59, 0x8F4356, 0x974857, 0x9F4050, 0xDD9478, 0xF0B982, 0xB35B51, 0x7F2743, 0x792542, 0x842E45,
    0x832B44, 0x974257, 0xA15361, 0x8A3C50, 0x772845, 0x83324B, 0x9D5063, 0x9F576B, 0x91495E, 0x782F48, 0x732845, 0x712746,
    0x611C3D, 0x7A344F, 0x8C516B, 0xB29396, 0xC4AAA0, 0xA47476, 0xAA494F, 0xDE7A67, 0xEA9B7C, 0xEDA17D, 0xEEA47E, 0xF19976,
    0xA44B5B, 0x5A1947, 0x551741, 0x581942, 0x60204A, 0x63204C, 0x652853, 0x5F234F, 0x591947, 0x70365F, 0x591B4D, 0x844E80,
    0x7E4874, 0x531648, 0x763F69, 0x541B4B, 0x79416D, 0x682C61, 0x8D5F90, 0x8D5C85, 0x62244E, 0x51153D, 0x55173D, 0x581238,
    0x601236, 0x6D1B3A, 0x80263E, 0x9C3545, 0xBD4B52, 0xCF5755, 0xCF5857, 0xD15D5A, 0xD25D59, 0xD55D57, 0xD7625D, 0xDA655F,
    0xDC665F, 0xDC6660, 0xDD6B64, 0xDF6A64, 0xDF6D66, 0xDF726B, 0xE0726A, 0xDE6F68, 0xDE7064, 0xDC6C63, 0xDD6D62, 0xDD6D62,
    0xDB6F66, 0xDC7669, 0xDD7C70, 0xDF8277, 0xE0897C, 0xE19584, 0xE1A08E, 0xE3AA98, 0xE4B3A3, 0xE6BCAD, 0xEAC3B7, 0xECC8BD,
    0xF2D1C1, 0xE3B9A7, 0x8A3B4B, 0x8D4351, 0x984E57, 0x9F555D, 0x9A515E, 0x9C5360, 0xAB585E, 0xAE4E56, 0xBD5B58, 0xAE5455,
    0x8A334B, 0x913A4C, 0x963949, 0x882C42, 0x8F3951, 0x9E5363, 0x8D4051, 0x7B2942, 0x752644, 0x96475B, 0xA45D6F, 0x9C5A6E,
    0x894159, 0x722643, 0x6F2341, 0x651D3F, 0x622142, 0x692546, 0x7B3C5C, 0xB79499, 0xD7BEB0, 0xB58D88, 0xAB4F56, 0xDE7A66,
    0xEB9C7B, 0xEDA080, 0xF2A781, 0xE38F73, 0x853450, 0x5C1F4A, 0x591B45, 0x571742, 0x601F4A, 0x61224D, 0x632451, 0x642B57,
    0x561747, 0x743B66, 0x511346, 0x773D73, 0x895A86, 0x571C4F, 0x814B74, 0x602652, 0x652956, 0x743C69, 0x723C6E, 0x824E7B,
    0x5C1F47, 0x50133C, 0x57173D, 0x621134, 0x832239, 0xAA3C45, 0xC04C4B, 0xC9504D, 0xCA5554, 0xCE5956, 0xD25A58, 0xD45D58,
    0xD45E56, 0xD65D57, 0xD8625C, 0xDB655E, 0xDC645C, 0xDC6761, 0xDE6961, 0xE06A62, 0xDE6B66, 0xDF6F68, 0xDF706A, 0xDF726B,
    0xDE726A, 0xDE7369, 0xDE6F63, 0xDD6F66, 0xDD7369, 0xDD7668, 0xDD796D, 0xDE7F72, 0xDE877A, 0xE19081, 0xE09A8A, 0xE1A593,
    0xE1AD9D, 0xE4B7A9, 0xE8BFB2, 0xEBC7B9, 0xEBC9BC, 0xF0CEB7, 0x974E5B, 0x84394B, 0x974F59, 0x9E565F, 0xA05B65, 0xAB5F65,
    0xB55958, 0xB95455, 0xB04B53, 0xA24252, 0xA84954, 0xB04D54, 0x98394C, 0x8F374D, 0x98485C, 0x86394E, 0x7E2D44, 0x7B2C45,
    0x87374F, 0xA55C6C, 0xA36173, 0x944F62, 0x7A314C, 0x6B2040, 0x661C3C, 0x63183A, 0x5F1D3E, 0x601C40, 0x723256, 0xCCA8A2,
    0xE7CBB8, 0xD2AF9A, 0xB15A5B, 0xDC7866, 0xEB9C78, 0xED9F7B, 0xF1A57E, 0xE08C76, 0x893B5B, 0x5A1743, 0x5C1B44, 0x581C47,
    0x61214C, 0x67224F, 0x6A2853, 0x622753, 0x622657, 0x7B446F, 0x5A174B, 0x7B4172, 0x844D7D, 0x794670, 0x5E2051, 0x763F6B,
    0x5D1B48, 0x7B3F66, 0x642355, 0x7E4778, 0x774270, 0x53123B, 0x5E0E32, 0x852238, 0xA9393F, 0xBD4848, 0xC64F4C, 0xCA534F,
    0xCC544F, 0xD15B55, 0xD15B55, 0xD35C55, 0xD65F58, 0xD8605A, 0xD95F57, 0xDB635A, 0xDD655D, 0xDD655D, 0xDE6860, 0xDF6962,
    0xDF6A63, 0xE06E68, 0xE0706A, 0xE0726A, 0xE07269, 0xE0746B, 0xE0746A, 0xDF756B, 0xDE7469, 0xDE786B, 0xE07C6F, 0xDF7E72,
    0xE1897A, 0xE08F7F, 0xE09787, 0xE1A18E, 0xE1AA9A, 0xE3B4A5, 0xE7BDB0, 0xE9C3B6, 0xE9C5B9, 0xF5D5BF, 0xAF7377, 0x7C3042,
    0x934D56, 0x97515D, 0xA45D64, 0xB25F60, 0xBC5B58, 0xBC5454, 0xBA5153, 0xBC5154, 0xC65B57, 0xB44D53, 0x9C3F53, 0x97465C,
    0x884058, 0x81344B, 0x7F3047, 0x87364D, 0xA45868, 0xAC6774, 0x9A576A, 0x813951, 0x671F3E, 0x641D3C, 0x6B213E, 0x852D43,
    0x5B1A3C, 0x5D1A3D, 0x6A284E, 0xCBA49E, 0xE1C4B5, 0xD1AE9A, 0xB35E5E, 0xDC7766, 0xEA9B79, 0xEBA07D, 0xF2A680, 0xD88671,
    0x7F3354, 0x581642, 0x591841, 0x5C1F48, 0x65254F, 0x6F2853, 0x763159, 0x642050, 0x7C4573, 0x753B63, 0x631C4E, 0x7C436F,
    0x6B2B5B, 0x844E7A, 0x703668, 0x7C486F, 0x561544, 0x723059, 0x61224E, 0x682A5A, 0x814975, 0x7A3C62, 0x7B1C39, 0xA0323F,
    0xB13D43, 0xC14949, 0xC9504F, 0xCC5552, 0xD05852, 0xD15C56, 0xD15C57, 0xD45D55, 0xD65E57, 0xD86059, 0xDA5F57, 0xDC635B,
    0xDE665E, 0xDD615A, 0xDE6660, 0xDE6865, 0xDF6A65, 0xE16F67, 0xE07168, 0xDF6F67, 0xE07169, 0xE07369, 0xE0776B, 0xDF766B,
    0xDF766A, 0xDE786D, 0xE07E71, 0xE08073, 0xE1877A, 0xE08C81, 0xDF9283, 0xE09B8C, 0xE1A997, 0xE4B2A2, 0xE5B9AB, 0xE8C0B3,
    0xEAC4B9, 0xF3D2BF, 0xD09B98, 0x863A56, 0x8E444F, 0x934A55, 0x9F565E, 0xB8605E, 0xCB635A, 0xC65954, 0xC65B57, 0xD4685A,
    0xCD5E55, 0xA8444F, 0x943C4F, 0x823550, 0x833855, 0x8C4058, 0x86374E, 0x9C4A5B, 0xB16A75, 0xA76774, 0x864157, 0x672140,
    0x5D1437, 0x651C3D, 0x85344C, 0xAC4450
};
// --- end inlined pixel array ---

// main.c
#include <stdint.h>
#include <stddef.h>

#ifndef LED_MATRIX_BASE
// Default peripheral base address. Change this to the BASE you set for the LED Matrix in Ripes I/O.
#define LED_MATRIX_BASE 0xf0000000U
#endif

#ifndef WIDTH
#define WIDTH 100
#endif
#ifndef HEIGHT
#define HEIGHT 100
#endif

int main(void) {
    volatile uint32_t *led_mem = (volatile uint32_t *)LED_MATRIX_BASE;
    const size_t total_pixels = (size_t)WIDTH * (size_t)HEIGHT;

    // Simple safety check: avoid overflow if pixels array missing or wrong size.
    // (If you compiled with a real pixels.h containing 10000 elements this check is optional.)
    // We'll copy min(total_pixels, 10000).
    size_t to_copy = total_pixels < 10000 ? total_pixels : 10000;

    for (size_t i = 0; i < to_copy; ++i) {
        // Each pixel value is expected as 0x00RRGGBB (R in bits 23..16, G in 15..8, B in 7..0)
        led_mem[i] = pixels[i];
    }

    // If you want the program to keep running/looped for a simulator to show output, loop here.

    return 0;
}

